셀 ID,board_2024,board_2025,change,decreased,board_2024_all,board_2025_all,change_all,walk_min,nearest_station,ic_access,pop_20_50,pop_elderly,city,buildings
44,70.0,35.0,-35.0,1,269,164,-105,51.65,대곡,5.071,937.0,276.0,고양,18.0
76,0.0,2.0,2.0,0,17,35,18,160.71,운정중앙,1.921,33.0,19.0,파주,37.0
559,11.0,21.0,10.0,0,82,90,8,50.225,운정중앙,0.319,0.0,0.0,파주,46.0
619,1.0,0.0,-1.0,1,1,4,3,166.55499999999998,운정중앙,9.029,0.0,0.0,파주,7.0
765,12.0,13.0,1.0,0,18,25,7,128.41666666666666,대곡,4.323,139.0,78.0,고양,92.0
1064,31.0,22.0,-9.0,1,78,52,-26,66.82166666666667,운정중앙,5.92,1487.0,525.0,고양,17.0
1115,53.0,32.0,-21.0,1,111,56,-55,32.67666666666666,운정중앙,6.643,522.0,100.0,파주,4.0
1117,4.0,4.0,0.0,0,10,8,-2,127.76833333333336,운정중앙,7.051,814.0,251.0,파주,26.0
1118,104.0,56.0,-48.0,1,179,138,-41,30.145,운정중앙,5.245,670.0,110.0,파주,11.0
1235,3.0,2.0,-1.0,1,6,2,-4,47.83833333333334,대곡,2.038,98.0,44.0,고양,8.0
1278,19.0,50.0,31.0,0,132,167,35,36.08166666666667,킨텍스,6.015,449.0,184.0,고양,56.0
1295,17.0,27.0,10.0,0,93,70,-23,26.33,킨텍스,1.179,359.0,116.0,고양,45.0
1518,3.0,1.0,-2.0,1,3,2,-1,91.39833333333333,대곡,5.412,0.0,13.0,고양,15.0
1538,34.0,2.0,-32.0,1,91,31,-60,54.656666666666666,킨텍스,6.738,846.0,343.0,고양,122.0
1572,8.0,4.0,-4.0,1,73,95,22,110.96,운정중앙,3.995,0.0,0.0,파주,5.0
1712,13.0,34.0,21.0,0,43,65,22,36.91166666666666,대곡,2.517,523.0,178.0,고양,80.0
1713,41.0,53.0,12.0,0,111,122,11,27.93,대곡,3.332,1438.0,329.0,고양,12.0
1757,165.0,134.0,-31.0,1,411,293,-118,37.12833333333333,대곡,2.574,634.0,172.0,고양,17.0
1962,0.0,3.0,3.0,0,4,18,14,60.49,대곡,2.782,1700.0,586.0,고양,19.0
2268,9.0,6.0,-3.0,1,9,6,-3,59.623333333333335,킨텍스,11.772,125.0,43.0,고양,26.0
2287,72.0,34.0,-38.0,1,167,86,-81,21.186666666666667,킨텍스,1.713,919.0,289.0,고양,43.0
2295,0.0,3.0,3.0,0,6,22,16,81.83166666666666,운정중앙,2.749,0.0,0.0,미분류,0.0
2477,21.0,38.0,17.0,0,130,98,-32,36.30833333333333,대곡,2.275,854.0,262.0,고양,76.0
2586,31.0,23.0,-8.0,1,96,83,-13,42.13,운정중앙,5.427,874.0,163.0,파주,11.0
2716,23.0,28.0,5.0,0,73,76,3,35.406666666666666,대곡,2.843,1399.0,490.0,고양,15.0
2718,31.0,17.0,-14.0,1,99,67,-32,43.455000000000005,대곡,2.254,1073.0,478.0,고양,12.0
3056,9.0,0.0,-9.0,1,16,10,-6,39.67,운정중앙,6.929,0.0,0.0,파주,11.0
3227,58.0,34.0,-24.0,1,109,95,-14,60.99166666666667,킨텍스,10.378,494.0,224.0,고양,9.0
3424,25.0,20.0,-5.0,1,64,36,-28,38.48166666666667,대곡,2.949,2032.0,696.0,고양,15.0
3658,13.0,10.0,-3.0,1,35,13,-22,62.51833333333333,대곡,3.101,484.0,202.0,고양,73.0
3765,27.0,13.0,-14.0,1,89,27,-62,19.566666666666663,운정중앙,4.38,1080.0,98.0,파주,24.0
3926,17.0,1.0,-16.0,1,24,7,-17,74.41833333333334,대곡,6.97,1372.0,299.0,고양,41.0
4012,1.0,3.0,2.0,0,4,16,12,259.17833333333334,운정중앙,6.053,17.0,16.0,파주,51.0
4131,11.0,13.0,2.0,0,19,32,13,55.22666666666667,대곡,2.37,781.0,392.0,고양,121.0
4205,2.0,1.0,-1.0,1,11,9,-2,47.37,킨텍스,5.354,1200.0,192.0,고양,24.0
4261,119.0,58.0,-61.0,1,252,192,-60,57.388333333333335,운정중앙,7.765,1113.0,203.0,파주,10.0
4714,0.0,0.0,0.0,0,12,7,-5,141.925,운정중앙,2.182,41.0,23.0,파주,36.0
4934,487.0,435.0,-52.0,1,1990,2262,272,20.18,킨텍스,2.543,935.0,175.0,고양,26.0
4985,150.0,44.0,-106.0,1,411,144,-267,34.18666666666666,운정중앙,5.767,644.0,92.0,파주,13.0
5010,5.0,6.0,1.0,0,26,13,-13,258.2766666666667,운정중앙,6.11,82.0,73.0,파주,187.0
5162,34.0,16.0,-18.0,1,197,93,-104,52.98166666666667,킨텍스,4.808,60.0,18.0,고양,25.0
5217,258.0,161.0,-97.0,1,619,440,-179,8.851666666666667,운정중앙,3.534,1478.0,130.0,파주,23.0
5631,22.0,25.0,3.0,0,51,54,3,30.21833333333333,대곡,3.803,2141.0,590.0,고양,18.0
5703,14.0,8.0,-6.0,1,95,65,-30,141.29166666666666,운정중앙,2.159,0.0,0.0,파주,2.0
5754,76.0,61.0,-15.0,1,239,211,-28,58.68333333333333,운정중앙,7.585,523.0,245.0,파주,11.0
5964,8.0,2.0,-6.0,1,17,10,-7,39.873333333333335,운정중앙,5.583,362.0,82.0,파주,30.0
6398,7.0,17.0,10.0,0,16,35,19,38.391666666666666,대곡,2.792,330.0,121.0,고양,36.0
6421,14.0,31.0,17.0,0,110,233,123,63.03666666666666,운정중앙,3.744,0.0,0.0,파주,21.0
6608,43.0,27.0,-16.0,1,78,88,10,174.0883333333333,대곡,10.037,217.0,113.0,고양,40.0
6874,94.0,68.0,-26.0,1,330,240,-90,49.60333333333333,킨텍스,7.613,1228.0,562.0,고양,17.0
6952,0.0,4.0,4.0,0,9,24,15,71.3,운정중앙,8.33,842.0,366.0,파주,20.0
7106,13.0,28.0,15.0,0,39,56,17,159.55166666666668,운정중앙,11.099,51.0,28.0,파주,23.0
7368,0.0,0.0,0.0,0,3,5,2,51.21333333333334,대곡,1.113,0.0,12.0,고양,14.0
7369,16.0,12.0,-4.0,1,39,22,-17,41.940000000000005,대곡,2.314,1363.0,346.0,고양,9.0
7433,5.0,0.0,-5.0,1,18,13,-5,59.81666666666667,운정중앙,5.618,8.0,0.0,고양,30.0
7480,44.0,31.0,-13.0,1,93,129,36,36.74666666666667,운정중앙,6.029,1255.0,181.0,파주,27.0
7608,4.0,4.0,0.0,0,11,17,6,168.45,대곡,10.395,386.0,161.0,고양,41.0
7697,66.0,30.0,-36.0,1,231,98,-133,18.59333333333333,운정중앙,4.553,541.0,137.0,파주,47.0
7883,0.0,5.0,5.0,0,8,13,5,52.90833333333333,운정중앙,5.342,103.0,19.0,파주,34.0
8546,1.0,4.0,3.0,0,9,14,5,19.825,대곡,3.182,1179.0,281.0,고양,8.0
8590,16.0,7.0,-9.0,1,56,54,-2,36.13166666666667,대곡,2.476,1056.0,205.0,고양,89.0
8635,0.0,0.0,0.0,0,4,11,7,119.095,운정중앙,2.855,0.0,0.0,파주,10.0
8689,4.0,6.0,2.0,0,9,21,12,111.25333333333332,운정중앙,10.334,591.0,351.0,파주,24.0
8805,0.0,0.0,0.0,0,4,3,-1,30.92833333333333,대곡,1.805,420.0,175.0,고양,131.0
8846,58.0,47.0,-11.0,1,116,98,-18,61.93,킨텍스,6.79,910.0,446.0,고양,36.0
8868,51.0,41.0,-10.0,1,1036,424,-612,7.923333333333333,킨텍스,1.96,0.0,0.0,미분류,0.0
8938,1.0,2.0,1.0,0,5,12,7,108.79666666666668,운정중앙,8.992,844.0,301.0,파주,60.0
9284,1.0,0.0,-1.0,1,1,2,1,52.70333333333333,대곡,2.134,1171.0,370.0,고양,56.0
9285,0.0,0.0,0.0,0,3,3,0,56.92,대곡,2.163,1153.0,459.0,고양,102.0
9342,53.0,123.0,70.0,0,236,343,107,26.005,킨텍스,4.385,850.0,247.0,고양,62.0
9400,39.0,11.0,-28.0,1,77,29,-48,26.293333333333333,운정중앙,4.786,531.0,61.0,파주,16.0
9815,11.0,8.0,-3.0,1,29,32,3,27.916666666666668,킨텍스,3.07,0.0,0.0,미분류,15.0
9860,34.0,44.0,10.0,0,130,94,-36,32.12833333333334,운정중앙,4.786,800.0,553.0,파주,18.0
9893,3.0,3.0,0.0,0,3,9,6,240.355,운정중앙,8.796,196.0,111.0,파주,82.0
10047,36.0,18.0,-18.0,1,56,27,-29,53.25666666666667,킨텍스,5.763,1358.0,391.0,고양,13.0
10091,46.0,44.0,-2.0,1,106,92,-14,28.345,운정중앙,5.134,1572.0,324.0,파주,20.0
10101,11.0,0.0,-11.0,1,19,5,-14,109.12666666666668,운정중앙,10.94,1268.0,215.0,파주,10.0
10111,0.0,0.0,0.0,0,5,6,1,250.83166666666665,운정중앙,6.571,179.0,142.0,파주,38.0
10121,31.0,43.0,12.0,0,76,88,12,120.65666666666668,운정중앙,7.906,208.0,176.0,파주,114.0
10274,301.0,185.0,-116.0,1,1102,806,-296,20.19,킨텍스,4.334,471.0,94.0,고양,19.0
10336,21.0,11.0,-10.0,1,63,69,6,66.515,운정중앙,8.721,618.0,62.0,파주,15.0
10471,2.0,0.0,-2.0,1,16,17,1,72.36833333333334,대곡,1.869,86.0,39.0,고양,59.0
10528,36.0,24.0,-12.0,1,146,77,-69,32.288333333333334,운정중앙,4.352,140.0,68.0,파주,9.0
10574,4.0,0.0,-4.0,1,22,4,-18,156.14333333333337,운정중앙,7.788,72.0,59.0,파주,59.0
10682,18.0,16.0,-2.0,1,25,17,-8,45.37833333333333,대곡,2.126,1121.0,260.0,고양,22.0
10778,339.0,301.0,-38.0,1,1123,982,-141,31.371666666666663,운정중앙,4.467,203.0,39.0,파주,6.0
10804,3.0,0.0,-3.0,1,3,2,-1,120.8,운정중앙,9.939,0.0,0.0,미분류,0.0
10925,11.0,35.0,24.0,0,63,107,44,50.59666666666667,대곡,2.076,232.0,56.0,고양,23.0
10997,8.0,3.0,-5.0,1,18,9,-9,147.71833333333333,운정중앙,2.413,6.0,8.0,파주,17.0
11178,0.0,0.0,0.0,0,3,3,0,92.14666666666668,대곡,4.361,0.0,0.0,고양,11.0
11239,216.0,119.0,-97.0,1,593,352,-241,16.33833333333333,킨텍스,3.569,1051.0,397.0,고양,12.0
11251,34.0,20.0,-14.0,1,241,178,-63,72.19833333333332,운정중앙,3.062,6.0,0.0,파주,21.0
11481,34.0,25.0,-9.0,1,106,92,-14,45.53666666666666,대곡,3.667,1228.0,356.0,고양,18.0
11506,26.0,16.0,-10.0,1,71,80,9,45.486666666666665,킨텍스,5.384,1660.0,423.0,고양,19.0
11521,13.0,16.0,3.0,0,43,64,21,158.98333333333332,운정중앙,1.708,0.0,0.0,파주,26.0
11524,22.0,4.0,-18.0,1,53,35,-18,37.79833333333333,운정중앙,4.421,0.0,0.0,파주,13.0
11550,201.0,56.0,-145.0,1,711,201,-510,30.34333333333333,운정중앙,5.382,1143.0,257.0,파주,45.0
11696,42.0,27.0,-15.0,1,110,107,-3,24.595,대곡,4.776,1047.0,351.0,고양,32.0
11811,92.0,53.0,-39.0,1,247,218,-29,30.455,운정중앙,5.263,804.0,371.0,파주,9.0
12018,30.0,22.0,-8.0,1,41,37,-4,49.945,킨텍스,5.599,1366.0,484.0,고양,27.0
12253,43.0,30.0,-13.0,1,172,131,-41,41.40166666666666,킨텍스,5.706,548.0,189.0,고양,78.0
12334,7.0,7.0,0.0,0,12,14,2,105.66333333333334,운정중앙,11.322,604.0,547.0,파주,13.0
12461,161.0,280.0,119.0,0,595,666,71,40.32166666666667,대곡,3.075,1390.0,510.0,고양,12.0
12464,69.0,128.0,59.0,0,277,395,118,44.31166666666666,대곡,2.098,557.0,306.0,고양,16.0
12556,25.0,15.0,-10.0,1,65,85,20,28.575,운정중앙,5.103,624.0,98.0,파주,30.0
12725,17.0,26.0,9.0,0,56,65,9,26.635,대곡,4.063,1390.0,503.0,고양,18.0
12765,235.0,228.0,-7.0,1,882,945,63,3.553333333333333,킨텍스,2.478,1875.0,348.0,고양,32.0
12816,15.0,17.0,2.0,0,31,42,11,108.19,운정중앙,3.549,554.0,159.0,파주,110.0
12856,16.0,23.0,7.0,0,125,76,-49,39.345,운정중앙,5.473,1437.0,190.0,파주,15.0
12984,6.0,4.0,-2.0,1,25,10,-15,22.976666666666667,대곡,2.596,933.0,380.0,고양,105.0
12985,1.0,5.0,4.0,0,10,5,-5,35.64,대곡,1.991,390.0,133.0,고양,81.0
13084,150.0,87.0,-63.0,1,320,235,-85,15.39,운정중앙,4.677,716.0,230.0,파주,29.0
13238,13.0,26.0,13.0,0,101,77,-24,26.976666666666667,대곡,4.166,1179.0,610.0,고양,12.0
13276,131.0,71.0,-60.0,1,298,233,-65,55.29666666666667,킨텍스,6.515,942.0,423.0,고양,33.0
13315,167.0,62.0,-105.0,1,495,298,-197,44.10333333333333,운정중앙,5.776,9.0,7.0,파주,32.0
13318,47.0,16.0,-31.0,1,134,63,-71,121.395,운정중앙,2.743,512.0,249.0,파주,32.0
13487,37.0,51.0,14.0,0,99,94,-5,163.65666666666667,운정중앙,11.984,22.0,31.0,고양,26.0
13602,58.0,23.0,-35.0,1,135,34,-101,17.828333333333333,운정중앙,4.762,175.0,16.0,파주,48.0
13631,6.0,13.0,7.0,0,33,23,-10,113.43,운정중앙,10.215,610.0,252.0,파주,12.0
13793,358.0,293.0,-65.0,1,892,737,-155,26.766666666666666,킨텍스,4.643,863.0,380.0,고양,10.0
13997,24.0,17.0,-7.0,1,89,57,-32,30.31,대곡,3.103,386.0,252.0,고양,32.0
14004,0.0,3.0,3.0,0,1,7,6,119.73,대곡,6.5,0.0,0.0,고양,4.0
14062,1.0,16.0,15.0,0,21,53,32,38.11833333333333,킨텍스,4.268,0.0,0.0,고양,12.0
14103,79.0,71.0,-8.0,1,289,204,-85,19.33333333333333,운정중앙,4.293,331.0,27.0,파주,77.0
14148,0.0,0.0,0.0,0,4,5,1,117.26833333333336,운정중앙,9.258,6.0,16.0,파주,14.0
14284,8.0,0.0,-8.0,1,12,1,-11,87.13666666666667,대곡,9.787,1841.0,316.0,고양,13.0
14394,9.0,7.0,-2.0,1,21,18,-3,137.93166666666667,운정중앙,9.667,516.0,281.0,파주,24.0
14783,17.0,12.0,-5.0,1,79,62,-17,16.573333333333334,킨텍스,3.453,137.0,54.0,고양,32.0
14787,18.0,20.0,2.0,0,28,35,7,50.498333333333335,킨텍스,5.452,1533.0,438.0,고양,25.0
14839,24.0,12.0,-12.0,1,87,71,-16,33.105,운정중앙,5.651,224.0,16.0,파주,5.0
15419,14.0,16.0,2.0,0,70,46,-24,37.958333333333336,대곡,1.973,1264.0,350.0,고양,29.0
15474,21.0,32.0,11.0,0,69,105,36,64.17833333333333,운정중앙,5.943,1403.0,378.0,고양,17.0
