셀 ID,중심점 위도,중심점 경도,2024년 20대 인구,2024년 30대 인구,2024년 40대 인구,2024년 50대 인구,2024년 인구 원자료 결측 여부,2024년 20~50대 인구,2025년 20대 인구,2025년 30대 인구,2025년 40대 인구,2025년 50대 인구,2025년 인구 원자료 결측 여부,2025년 20~50대 인구,20~50대 인구 증감,20~50대 인구 증감(100명)
44,37.65648981807742,126.79001314810708,194.0,170.0,242.0,331.0,False,937.0,203.0,174.0,232.0,381.0,False,990.0,53.0,0.53
76,37.79109570326217,126.69786725945112,0.0,8.0,14.0,11.0,False,33.0,0.0,11.0,14.0,15.0,False,40.0,7.0,0.07
559,37.69650380282975,126.70455900791502,0.0,0.0,0.0,0.0,False,0.0,0.0,0.0,0.0,0.0,False,0.0,0.0,0.0
619,37.80297904831105,126.79429277524156,0.0,0.0,0.0,0.0,True,0.0,0.0,0.0,0.0,0.0,True,0.0,0.0,0.0
765,37.65483564366711,126.8977279991296,38.0,36.0,27.0,38.0,False,139.0,30.0,47.0,27.0,35.0,False,139.0,0.0,0.0
1064,37.69916128595655,126.76691946453778,354.0,313.0,291.0,529.0,False,1487.0,298.0,284.0,260.0,452.0,False,1294.0,-193.0,-1.93
1115,37.71707942586449,126.74972367454812,109.0,82.0,142.0,189.0,False,522.0,75.0,53.0,86.0,124.0,False,338.0,-184.0,-1.84
1117,37.77342570245335,126.75199331593264,127.0,188.0,221.0,278.0,False,814.0,122.0,133.0,196.0,246.0,False,697.0,-117.0,-1.17
1118,37.71711539087875,126.75539640004187,145.0,69.0,203.0,253.0,False,670.0,156.0,66.0,186.0,256.0,False,664.0,-6.0,-0.06
1235,37.65448482910745,126.83254477091356,28.0,13.0,17.0,40.0,False,98.0,0.0,0.0,0.0,0.0,True,0.0,-98.0,-0.98
1278,37.67215844627378,126.7728548669146,100.0,118.0,93.0,138.0,False,449.0,91.0,122.0,86.0,122.0,False,421.0,-28.0,-0.28
1295,37.6696354856855,126.73035845342984,63.0,93.0,91.0,112.0,False,359.0,60.0,82.0,96.0,102.0,False,340.0,-19.0,-0.19
1518,37.59389531344304,126.87839632651432,0.0,0.0,0.0,0.0,False,0.0,0.0,0.0,0.0,6.0,False,6.0,6.0,0.06
1538,37.68571227757111,126.77839326308082,138.0,205.0,202.0,301.0,False,846.0,145.0,211.0,185.0,309.0,False,850.0,4.0,0.04
1572,37.76856482125503,126.69811070762718,0.0,0.0,0.0,0.0,False,0.0,0.0,0.0,0.0,0.0,True,0.0,0.0,0.0
1712,37.618449430342814,126.83569985424712,122.0,146.0,114.0,141.0,False,523.0,116.0,123.0,119.0,135.0,False,493.0,-30.0,-0.3
1713,37.62746230138047,126.83561964443132,339.0,249.0,309.0,541.0,False,1438.0,318.0,248.0,272.0,532.0,False,1370.0,-68.0,-0.68
1757,37.64518965160707,126.78445310105508,133.0,171.0,154.0,176.0,False,634.0,131.0,185.0,142.0,183.0,False,641.0,7.0,0.07
1962,37.661292250392286,126.84098711870324,363.0,314.0,435.0,588.0,False,1700.0,328.0,337.0,432.0,563.0,False,1660.0,-40.0,-0.4
2268,37.68125767439162,126.78694196583533,30.0,27.0,19.0,49.0,False,125.0,28.0,31.0,16.0,44.0,False,119.0,-6.0,-0.06
2287,37.67192549378632,126.7360044406111,218.0,144.0,225.0,332.0,False,919.0,115.0,97.0,142.0,209.0,False,563.0,-356.0,-3.56
2295,37.700874457190665,126.68466089965716,0.0,0.0,0.0,0.0,True,0.0,0.0,0.0,0.0,0.0,True,0.0,0.0,0.0
2477,37.61843344932719,126.83286719348985,192.0,169.0,210.0,283.0,False,854.0,162.0,141.0,157.0,243.0,False,703.0,-151.0,-1.51
2586,37.7103559585845,126.75546404282132,127.0,206.0,320.0,221.0,False,874.0,132.0,182.0,319.0,237.0,False,870.0,-4.0,-0.04
2716,37.64321879690409,126.83264558970606,371.0,260.0,247.0,521.0,False,1399.0,331.0,257.0,213.0,510.0,False,1311.0,-88.0,-0.88
2718,37.64548800161028,126.83545911754372,178.0,270.0,258.0,367.0,False,1073.0,155.0,283.0,247.0,338.0,False,1023.0,-50.0,-0.5
3056,37.74169854498066,126.72393792106894,0.0,0.0,0.0,0.0,True,0.0,0.0,0.0,0.0,0.0,True,0.0,0.0,0.0
3227,37.68800000767202,126.7840419752074,118.0,93.0,105.0,178.0,False,494.0,133.0,101.0,98.0,184.0,False,516.0,22.0,0.22
3424,37.62071856372024,126.83851255361056,391.0,616.0,430.0,595.0,False,2032.0,356.0,602.0,428.0,585.0,False,1971.0,-61.0,-0.61
3658,37.66352958480167,126.83813282187172,100.0,88.0,99.0,197.0,False,484.0,92.0,90.0,103.0,177.0,False,462.0,-22.0,-0.22
3765,37.72374771297368,126.73547243605177,83.0,371.0,481.0,145.0,False,1080.0,84.0,327.0,493.0,171.0,False,1075.0,-5.0,-0.05
3926,37.67232980676579,126.8012016314688,295.0,215.0,371.0,491.0,False,1372.0,317.0,321.0,425.0,557.0,False,1620.0,248.0,2.48
4012,37.85927277907274,126.78807238486382,0.0,0.0,9.0,8.0,False,17.0,6.0,0.0,6.0,7.0,False,19.0,2.0,0.02
4131,37.659007240163135,126.83533862846258,161.0,192.0,145.0,283.0,False,781.0,144.0,186.0,152.0,256.0,False,738.0,-43.0,-0.43
4205,37.69461958257017,126.761292806892,216.0,263.0,361.0,360.0,False,1200.0,212.0,255.0,357.0,362.0,False,1186.0,-14.0,-0.14
4261,37.73742935856722,126.7608676182252,163.0,352.0,307.0,291.0,False,1113.0,144.0,328.0,305.0,288.0,False,1065.0,-48.0,-0.48
4714,37.78660882679624,126.70075495206088,0.0,8.0,19.0,14.0,False,41.0,6.0,9.0,20.0,15.0,False,50.0,9.0,0.09
4934,37.67650470769052,126.74729746640816,278.0,334.0,153.0,170.0,False,935.0,269.0,329.0,162.0,168.0,False,928.0,-7.0,-0.07
4985,37.72832702218337,126.7467732387605,134.0,82.0,210.0,218.0,False,644.0,119.0,62.0,177.0,187.0,False,545.0,-99.0,-0.99
5010,37.85925556212696,126.78523056140187,18.0,10.0,17.0,37.0,False,82.0,18.0,9.0,19.0,33.0,False,79.0,-3.0,-0.03
5162,37.66321510312149,126.7842801014925,17.0,17.0,17.0,9.0,False,60.0,16.0,14.0,21.0,10.0,False,61.0,1.0,0.01
5217,37.71698831933848,126.73554190528708,161.0,330.0,693.0,294.0,False,1478.0,166.0,294.0,684.0,310.0,False,1454.0,-24.0,-0.24
5631,37.62971551696054,126.83559958639266,402.0,559.0,521.0,659.0,False,2141.0,379.0,576.0,498.0,645.0,False,2098.0,-43.0,-0.43
5703,37.78655074285418,126.69223801640696,0.0,0.0,0.0,0.0,True,0.0,0.0,0.0,0.0,0.0,True,0.0,0.0,0.0
5754,37.732923081226126,126.76091241732648,106.0,100.0,155.0,162.0,False,523.0,91.0,95.0,140.0,163.0,False,489.0,-34.0,-0.34
5964,37.73039546533123,126.71838181296424,81.0,42.0,96.0,143.0,False,362.0,89.0,49.0,95.0,137.0,False,370.0,8.0,0.08
6398,37.64749409649477,126.7929326913726,74.0,87.0,55.0,114.0,False,330.0,69.0,91.0,65.0,111.0,False,336.0,6.0,0.06
6421,37.71441269187769,126.6873489904582,0.0,0.0,0.0,0.0,True,0.0,0.0,0.0,0.0,0.0,True,0.0,0.0,0.0
6608,37.71766941053226,126.84899776463944,30.0,39.0,65.0,83.0,False,217.0,30.0,35.0,56.0,83.0,False,204.0,-13.0,-0.13
6874,37.68120594298741,126.7784369186242,311.0,238.0,212.0,467.0,False,1228.0,297.0,247.0,208.0,435.0,False,1187.0,-41.0,-0.41
6952,37.7419356324092,126.76082280913931,136.0,299.0,191.0,216.0,False,842.0,127.0,316.0,206.0,225.0,False,874.0,32.0,0.32
7106,37.72888802318087,126.84038854425042,6.0,13.0,17.0,15.0,False,51.0,0.0,12.0,18.0,15.0,False,45.0,-6.0,-0.06
7368,37.6071190159186,126.82447114569028,0.0,0.0,0.0,0.0,False,0.0,0.0,0.0,0.0,0.0,False,0.0,0.0,0.0
7369,37.64772521240146,126.8326052689275,334.0,245.0,276.0,508.0,False,1363.0,307.0,252.0,251.0,498.0,False,1308.0,-55.0,-0.55
7433,37.69910808921614,126.75841241031004,0.0,0.0,8.0,0.0,False,8.0,0.0,7.0,10.0,9.0,False,26.0,18.0,0.18
7480,37.728363138232446,126.752446818273,280.0,183.0,327.0,465.0,False,1255.0,310.0,210.0,342.0,508.0,False,1370.0,115.0,1.15
7608,37.7154318498318,126.85185383875896,78.0,61.0,117.0,130.0,False,386.0,74.0,64.0,111.0,129.0,False,378.0,-8.0,-0.08
7697,37.72376607518176,126.73830904247204,124.0,89.0,155.0,173.0,False,541.0,110.0,92.0,158.0,154.0,False,514.0,-27.0,-0.27
7883,37.703614389920574,126.75836751438324,24.0,18.0,30.0,31.0,False,103.0,19.0,19.0,30.0,27.0,False,95.0,-8.0,-0.08
8546,37.62965115894855,126.82426724695416,244.0,223.0,312.0,400.0,False,1179.0,253.0,207.0,328.0,419.0,False,1207.0,28.0,0.28
8590,37.64522389049471,126.79012039871184,297.0,312.0,202.0,245.0,False,1056.0,327.0,375.0,258.0,341.0,False,1301.0,245.0,2.45
8635,37.77765392110642,126.70936792367092,0.0,0.0,0.0,0.0,True,0.0,0.0,0.0,0.0,0.0,True,0.0,0.0,0.0
8689,37.75783051497436,126.78053138356148,126.0,115.0,134.0,216.0,False,591.0,93.0,92.0,99.0,154.0,False,438.0,-153.0,-1.53
8805,37.620638312200526,126.82434883370372,109.0,91.0,92.0,128.0,False,420.0,98.0,80.0,82.0,124.0,False,384.0,-36.0,-0.36
8846,37.692489091829486,126.78116320362965,203.0,180.0,173.0,354.0,False,910.0,181.0,182.0,168.0,333.0,False,864.0,-46.0,-0.46
8868,37.667455774210254,126.74171956333082,0.0,0.0,0.0,0.0,True,0.0,0.0,0.0,0.0,0.0,True,0.0,0.0,0.0
8938,37.7712970293859,126.7718850634807,187.0,186.0,192.0,279.0,False,844.0,161.0,178.0,198.0,252.0,False,789.0,-55.0,-0.55
9284,37.6567540359176,126.83535871556916,247.0,317.0,267.0,340.0,False,1171.0,160.0,248.0,216.0,282.0,False,906.0,-265.0,-2.65
9285,37.65902317635135,126.83817283149251,218.0,227.0,305.0,403.0,False,1153.0,204.0,216.0,273.0,406.0,False,1099.0,-54.0,-0.54
9342,37.68108285141793,126.75859189401278,168.0,202.0,209.0,271.0,False,850.0,127.0,154.0,156.0,226.0,False,663.0,-187.0,-1.87
9400,37.71480820215605,126.74691012333562,128.0,49.0,154.0,200.0,False,531.0,145.0,43.0,132.0,221.0,False,541.0,10.0,0.1
9815,37.68101101427948,126.74725193470243,0.0,0.0,0.0,0.0,True,0.0,0.0,0.0,0.0,0.0,True,0.0,0.0,0.0
9860,37.710320002282025,126.74979183254334,150.0,149.0,233.0,268.0,False,800.0,167.0,162.0,257.0,298.0,False,884.0,84.0,0.84
9893,37.84577127541418,126.79104368265092,45.0,35.0,41.0,75.0,False,196.0,42.0,43.0,38.0,67.0,False,190.0,-6.0,-0.06
10047,37.69690812999624,126.76694165133976,313.0,292.0,272.0,481.0,False,1358.0,253.0,261.0,243.0,405.0,False,1162.0,-196.0,-1.96
10091,37.72158570387802,126.74967822322633,276.0,268.0,551.0,477.0,False,1572.0,278.0,259.0,506.0,497.0,False,1540.0,-32.0,-0.32
10101,37.753271958370114,126.77206174520995,282.0,187.0,385.0,414.0,False,1268.0,308.0,199.0,421.0,464.0,False,1392.0,124.0,1.24
10111,37.85474935382665,126.78527407425784,32.0,30.0,57.0,60.0,False,179.0,9.0,11.0,18.0,24.0,False,62.0,-117.0,-1.17
10121,37.744464746989024,126.80619913914222,30.0,35.0,62.0,81.0,False,208.0,34.0,33.0,65.0,85.0,False,217.0,9.0,0.09
10274,37.66983483112512,126.7615385576808,127.0,192.0,77.0,75.0,False,471.0,152.0,208.0,94.0,109.0,False,563.0,92.0,0.92
10336,37.74191780464687,126.75798549480824,70.0,242.0,201.0,105.0,False,618.0,97.0,296.0,254.0,168.0,False,815.0,197.0,1.97
10471,37.60037553053271,126.82736424157493,19.0,23.0,15.0,29.0,False,86.0,17.0,17.0,16.0,27.0,False,77.0,-9.0,-0.09
10528,37.725889227061415,126.71842917499696,25.0,25.0,40.0,50.0,False,140.0,22.0,26.0,45.0,49.0,False,142.0,2.0,0.02
10574,37.79620261526006,126.79151767288732,12.0,15.0,17.0,28.0,False,72.0,9.0,11.0,15.0,25.0,False,60.0,-12.0,-0.12
10682,37.616259449439134,126.84705022451178,232.0,216.0,256.0,417.0,False,1121.0,269.0,219.0,226.0,467.0,False,1181.0,60.0,0.6
10778,37.71030192181316,126.74695573119584,51.0,27.0,60.0,65.0,False,203.0,28.0,12.0,23.0,41.0,False,104.0,-99.0,-0.99
10804,37.75335874204886,126.78625055358988,0.0,0.0,0.0,0.0,True,0.0,0.0,0.0,0.0,0.0,True,0.0,0.0,0.0
10925,37.6162906610378,126.85271539941547,57.0,43.0,58.0,74.0,False,232.0,56.0,48.0,50.0,80.0,False,234.0,2.0,0.02
10997,37.78888113955798,126.70356975408004,0.0,0.0,6.0,0.0,False,6.0,0.0,0.0,0.0,0.0,False,0.0,-6.0,-0.06
11178,37.67485869018787,126.84937199209084,0.0,0.0,0.0,0.0,True,0.0,0.0,0.0,0.0,0.0,True,0.0,0.0,0.0
11239,37.67205236022765,126.75584692514391,206.0,271.0,242.0,332.0,False,1051.0,210.0,321.0,250.0,355.0,False,1136.0,85.0,0.85
11251,37.707653365856544,126.68742280735928,0.0,0.0,0.0,6.0,False,6.0,0.0,0.0,0.0,0.0,True,0.0,-6.0,-0.06
11481,37.65198344966401,126.79005605551755,246.0,280.0,297.0,405.0,False,1228.0,256.0,290.0,317.0,406.0,False,1269.0,41.0,0.41
11506,37.69238415567052,126.76415058768389,390.0,339.0,376.0,555.0,False,1660.0,355.0,363.0,337.0,543.0,False,1598.0,-62.0,-0.62
11521,37.78882325613204,126.6950525517449,0.0,0.0,0.0,0.0,True,0.0,0.0,0.0,0.0,0.0,True,0.0,0.0,0.0
11524,37.71674345984174,126.6986696100067,0.0,0.0,0.0,0.0,True,0.0,0.0,0.0,0.0,0.0,True,0.0,0.0,0.0
11550,37.73276022556416,126.73537977427596,141.0,335.0,459.0,208.0,False,1143.0,136.0,273.0,492.0,228.0,False,1129.0,-14.0,-0.14
11696,37.63193668611023,126.8299131808454,167.0,358.0,256.0,266.0,False,1047.0,153.0,359.0,250.0,265.0,False,1027.0,-20.0,-0.2
11811,37.7238207523413,126.74681887712032,143.0,134.0,242.0,285.0,False,804.0,186.0,163.0,277.0,338.0,False,964.0,160.0,1.6
12018,37.69465497316165,126.76696383567,293.0,340.0,269.0,464.0,False,1366.0,154.0,199.0,154.0,260.0,False,767.0,-599.0,-5.99
12253,37.674429058684254,126.77566762997373,120.0,122.0,124.0,182.0,False,548.0,117.0,120.0,113.0,174.0,False,524.0,-24.0,-0.24
12334,37.75323676667226,126.76638623901005,129.0,84.0,137.0,254.0,False,604.0,111.0,88.0,127.0,218.0,False,544.0,-60.0,-0.6
12461,37.61848118839965,126.84136518245136,302.0,324.0,280.0,484.0,False,1390.0,278.0,290.0,235.0,420.0,False,1223.0,-167.0,-1.67
12464,37.61851267448948,126.84703051951186,120.0,75.0,121.0,241.0,False,557.0,105.0,83.0,107.0,228.0,False,523.0,-34.0,-0.34
12556,37.73272328448807,126.72970588175149,65.0,198.0,243.0,118.0,False,624.0,52.0,90.0,202.0,99.0,False,443.0,-181.0,-1.81
12725,37.62969952948547,126.8327664981576,268.0,381.0,338.0,403.0,False,1390.0,262.0,417.0,344.0,434.0,False,1457.0,67.0,0.67
12765,37.66298576693129,126.74743400067258,293.0,387.0,627.0,568.0,False,1875.0,290.0,368.0,592.0,589.0,False,1839.0,-36.0,-0.36
12816,37.77085640909052,126.70376313427468,121.0,101.0,120.0,212.0,False,554.0,88.0,99.0,95.0,168.0,False,450.0,-104.0,-1.04
12856,37.712626980834216,126.75827769251188,240.0,367.0,489.0,341.0,False,1437.0,232.0,348.0,493.0,338.0,False,1411.0,-26.0,-0.26
12984,37.62739794856962,126.82428764704964,185.0,226.0,198.0,324.0,False,933.0,156.0,168.0,174.0,276.0,False,774.0,-159.0,-1.59
12985,37.618401283322335,126.8272018787127,85.0,91.0,82.0,132.0,False,390.0,82.0,79.0,72.0,119.0,False,352.0,-38.0,-0.38
13084,37.71475354265406,126.7384013193933,165.0,121.0,211.0,219.0,False,716.0,177.0,143.0,213.0,280.0,False,813.0,97.0,0.97
13238,37.636443107731495,126.82987271144182,282.0,213.0,224.0,460.0,False,1179.0,279.0,198.0,205.0,434.0,False,1116.0,-63.0,-0.63
13276,37.68796544355217,126.77837143166116,200.0,235.0,177.0,330.0,False,942.0,194.0,221.0,164.0,327.0,False,906.0,-36.0,-0.36
13315,37.723522043516695,126.70143336302569,0.0,0.0,0.0,9.0,False,9.0,0.0,0.0,0.0,9.0,True,9.0,0.0,0.0
13318,37.7753433802019,126.70087625217128,96.0,69.0,131.0,216.0,False,512.0,86.0,66.0,107.0,215.0,False,474.0,-38.0,-0.38
13487,37.72439749981077,126.84326520665992,0.0,6.0,9.0,7.0,False,22.0,0.0,0.0,0.0,7.0,False,7.0,-15.0,-0.15
13602,37.719278101678526,126.74119162326171,22.0,34.0,83.0,36.0,False,175.0,28.0,33.0,75.0,44.0,False,180.0,5.0,0.05
13631,37.77133197036757,126.7775619567614,138.0,123.0,146.0,203.0,False,610.0,109.0,99.0,131.0,185.0,False,524.0,-86.0,-0.86
13793,37.66761702295993,126.76722985494418,140.0,257.0,199.0,267.0,False,863.0,139.0,274.0,231.0,269.0,False,913.0,50.0,0.5
13997,37.622955867605086,126.83565975380644,46.0,106.0,94.0,140.0,False,386.0,45.0,102.0,96.0,134.0,False,377.0,-9.0,-0.09
14004,37.69291545612664,126.85488552101629,0.0,0.0,0.0,0.0,True,0.0,0.0,0.0,0.0,0.0,True,0.0,0.0,0.0
14062,37.68784232215079,126.75852460636987,0.0,0.0,0.0,0.0,True,0.0,0.0,0.0,0.0,0.0,True,0.0,0.0,0.0
14103,37.72151294336283,126.73833211555802,46.0,60.0,145.0,80.0,False,331.0,55.0,51.0,146.0,85.0,False,337.0,6.0,0.06
14148,37.751207474899495,126.80329833088544,6.0,0.0,0.0,0.0,False,6.0,0.0,0.0,7.0,0.0,False,7.0,1.0,0.01
14284,37.68140918889111,126.81245723619068,352.0,249.0,570.0,670.0,False,1841.0,304.0,203.0,469.0,600.0,False,1576.0,-265.0,-2.65
14394,37.735567315843625,126.82614298581376,86.0,102.0,129.0,199.0,False,516.0,109.0,102.0,143.0,248.0,False,602.0,86.0,0.86
14783,37.67428759919729,126.75298968878072,35.0,34.0,32.0,36.0,False,137.0,27.0,46.0,29.0,35.0,False,137.0,0.0,0.0
14787,37.69241940706636,126.76982144984493,287.0,340.0,429.0,477.0,False,1533.0,225.0,283.0,359.0,427.0,False,1294.0,-239.0,-2.39
14839,37.72385686255858,126.75249211294634,13.0,28.0,124.0,59.0,False,224.0,14.0,28.0,127.0,75.0,False,244.0,20.0,0.2
15419,37.61841740032031,126.8300345349752,295.0,228.0,279.0,462.0,False,1264.0,299.0,257.0,323.0,487.0,False,1366.0,102.0,1.02
15474,37.69914362189476,126.76408377731045,376.0,230.0,265.0,532.0,False,1403.0,364.0,269.0,272.0,552.0,False,1457.0,54.0,0.54
