셀 ID,2024년 공시지가(원/㎡),매칭 원자료 수,log_2024년 공시지가,공시지가 결측
44,1319677.06,1,14.092897613115339,0
76,609243.61,1,13.319973483127157,0
559,360900.18999999994,2,12.796356717092365,0
619,101727.09,1,11.530048918247429,0
765,1486921.53,1,14.212218453370651,0
1064,1913749.22,1,14.4645748183772,0
1115,587999.58,1,13.284481512594795,0
1117,615125.01,1,13.329580794425137,0
1118,588000.47,1,13.284483026200173,0
1235,909715.36,1,13.720887038354869,0
1278,1560201.49,1,14.260325531141662,0
1295,1345090.0,1,14.111971483277543,0
1518,538246.83,1,13.196072525752694,0
1538,1517320.88,1,14.232456758705142,0
1572,170775.27,1,12.048103760626468,0
1712,1242980.01,1,14.033022288303997,0
1713,1602534.43,1,14.287096952725566,0
1757,2401542.34,1,14.69162173057911,0
1962,2470269.84,1,14.719837949600707,0
2268,1421012.81,1,14.16688042181693,0
2287,1523341.4,1,14.23641676959307,0
2295,430876.51,1,12.973576808309689,0
2477,1706974.36,1,14.35023298115996,0
2586,1081310.49,1,13.89368428017206,0
2716,1951598.76,1,14.484159471547516,0
2718,2159274.94,1,14.585283047382648,0
3056,210348.95,1,12.256523097325676,0
3227,792831.66,1,13.583366195610246,0
3424,765599.96,1,13.548415066874275,0
3658,1895908.9,1,14.45520891211953,0
3765,863555.33,1,13.668813250949185,0
3926,1728538.49,1,14.3627868059582,0
4012,483454.89,1,13.088713290660415,0
4131,1476685.02,1,14.205310282169876,0
4205,1471300.45,1,14.20165722753796,0
4261,735198.94,1,13.507896408238027,0
4714,570337.84,1,13.253984165986807,0
4934,4561579.0,1,15.333179393482105,0
4985,644074.17,1,13.375569169262295,0
5010,934510.34,1,13.747777970557044,0
5162,2737251.4,1,14.822464836197774,0
5217,551100.11,1,13.219671759472105,0
5631,2188440.82,1,14.598699893894938,0
5703,248775.27,1,12.424305237800832,0
5754,570844.05,1,13.254871333996812,0
5964,1291206.13,1,14.071087324008237,0
6398,1909199.89,1,14.462194806498122,0
6421,640807.12,1,13.37048378578567,0
6608,419786.65,1,12.94750188500546,0
6874,1896551.11,1,14.455547589392037,0
6952,,0,,1
7106,270520.22,2,12.508102124937103,0
7368,475493.82,1,13.072109164037697,0
7369,2228034.87,1,14.616630530714739,0
7433,1511761.97,1,14.228786396079968,0
7480,1384819.97,1,14.141080703595154,0
7608,598935.68,1,13.30290949236711,0
7697,874033.19,1,13.680873628745022,0
7883,932954.08,2,13.74611126104055,0
8546,2281575.27,1,14.64037667025838,0
8590,1469125.79,1,14.200178081170057,0
8635,224546.65,1,12.321838759678258,0
8689,1073705.76,1,13.886626550034828,0
8805,1922834.19,1,14.469310796204372,0
8846,1488962.25,1,14.213589958759135,0
8868,441899.89,1,12.998838642193704,0
8938,819446.66,1,13.616384586579096,0
9284,2540741.35,1,14.747966466487675,0
9285,2212809.31,1,14.609773447222898,0
9342,1593453.62,1,14.28141430667387,0
9400,1040876.2,1,13.855573416413641,0
9815,1258528.08,1,14.045453405585112,0
9860,1576281.41,1,14.270579093104756,0
9893,282707.32,1,12.552167436519435,0
10047,1615638.35,1,14.295240699700885,0
10091,562954.75,1,13.240954530889969,0
10101,1122985.65,1,13.931501455366453,0
10111,1003718.84,1,13.819222500174696,0
10121,908906.15,1,13.719997122504918,0
10274,4588417.03,1,15.339045648915794,0
10336,,0,,1
10471,1125504.43,1,13.93374187534961,0
10528,1382011.5,1,14.139050604548647,0
10574,447654.84,1,13.01177776802217,0
10682,1858889.02,1,14.435489566158763,0
10778,651080.93,1,13.38638922990031,0
10804,98923.46,1,11.50210169878345,0
10925,955448.18,1,13.76993580780612,0
10997,599010.35,1,13.303034155746307,0
11178,259121.96,1,12.465054117879586,0
11239,1843258.61,1,14.427045546938235,0
11251,614819.15,1,13.329083438502403,0
11481,1817893.37,1,14.413188899634207,0
11506,2079867.06,1,14.54781453617341,0
11521,673165.87,1,13.419747041855542,0
11524,286476.87,1,12.565413078893556,0
11550,700174.36,1,13.459084668723131,0
11696,3246778.0,1,14.993173677943775,0
11811,546379.14,1,13.21106840935036,0
12018,1527980.32,1,14.239457369044509,0
12253,1874008.07,1,14.443590048067923,0
12334,1140882.8,1,13.947312906653483,0
12461,1863246.88,1,14.437831158249045,0
12464,963361.76,1,13.778184279635653,0
12556,1147397.81,1,13.953007162485022,0
12725,2687357.46,1,14.804068911871948,0
12765,1442385.77,1,14.181809085320639,0
12816,535500.52,1,13.190957139924558,0
12856,1639414.65,1,14.309849815357309,0
12984,1643430.13,1,14.312296158252988,0
12985,1652056.67,1,14.317531536348788,0
13084,653637.32,1,13.390307920041042,0
13238,2234610.75,1,14.61957760978818,0
13276,1548427.44,1,14.252750419047594,0
13315,489553.34,1,13.10124870335112,0
13318,574117.16,1,13.260588765972043,0
13487,476600.94,1,13.074434815948653,0
13602,765364.87,1,13.548107953350515,0
13631,577648.87,1,13.266721471707399,0
13793,2207487.19,1,14.607365408498907,0
13997,2244216.14,1,14.623866860059424,0
14004,135436.03,1,11.816254704504999,0
14062,871835.17,1,13.678355659794239,0
14103,900296.03,1,13.710478910445614,0
14148,167065.86,1,12.026143384912473,0
14284,1963838.5,1,14.490411534372898,0
14394,443397.14,1,13.002221125985676,0
14783,977260.99,1,13.792509029434894,0
14787,1882825.55,1,14.448284158631624,0
14839,1070411.48,1,13.88355369326122,0
15419,1771603.19,1,14.387395451661757,0
15474,1911578.31,1,14.46343979910576,0
