셀 ID,노선,2024년 승객가중 평균 통행시간(분),2024년 승객가중 중앙값 통행시간(분),2024년 유효 통행 승객 수,2024년 유효 통행 원자료 행 수,2024년 중앙값 통행시간(10분 단위)
44,1200,38.70285006195787,37.46666666666667,269.0,104,3.746666666666667
76,2200,45.34313725490196,51.733333333333334,17.0,6,5.173333333333334
559,3100,40.05508130081301,38.36666666666667,82.0,30,3.836666666666667
619,9710,26.016666666666666,26.016666666666666,1.0,1,2.6016666666666666
765,9709,33.87361111111111,30.183333333333334,12.0,5,3.0183333333333335
765,9710,39.51666666666667,43.45,6.0,3,4.345000000000001
1064,1200,47.60235042735043,42.38333333333333,78.0,29,4.238333333333333
1115,3400,41.3036231884058,42.18333333333333,46.0,17,4.218333333333333
1115,7101,39.071538461538466,37.766666666666666,65.0,22,3.7766666666666664
1117,9709,42.493333333333325,52.15,10.0,3,5.215
1118,3400,40.36419141914191,35.7,101.0,38,3.5700000000000003
1118,7101,43.828205128205134,39.86666666666667,78.0,30,3.986666666666667
1235,9600,52.46666666666666,50.93333333333333,6.0,2,5.093333333333333
1278,M7412,46.12335858585859,40.88333333333333,132.0,44,4.088333333333333
1295,1000,35.52150537634409,33.666666666666664,93.0,35,3.3666666666666663
1518,1200,6.400000000000001,6.4,3.0,1,0.64
1538,1200,39.23406593406593,36.333333333333336,91.0,33,3.6333333333333337
1572,2200,43.97922374429223,40.18333333333333,73.0,27,4.018333333333333
1712,1082,35.64573643410853,36.38333333333333,43.0,18,3.638333333333333
1713,1082,37.32297297297298,35.63333333333333,111.0,41,3.5633333333333335
1757,1000,40.695238095238096,40.483333333333334,287.0,122,4.048333333333334
1757,1500,38.43091397849462,36.416666666666664,124.0,50,3.6416666666666666
1962,9600,28.079166666666666,26.7,4.0,2,2.67
2268,1900,37.138888888888886,37.85,9.0,3,3.785
2287,1000,47.669560878243516,46.516666666666666,167.0,63,4.651666666666666
2295,2200,34.275,25.166666666666668,6.0,3,2.5166666666666666
2477,1082,38.654871794871795,35.11666666666667,130.0,50,3.5116666666666667
2586,1500,41.855555555555554,34.8,21.0,6,3.4799999999999995
2586,G7426,37.50177777777779,36.583333333333336,75.0,31,3.6583333333333337
2716,1082,43.171052631578945,38.85,57.0,24,3.8850000000000002
2716,1900,30.449999999999996,28.3,14.0,4,2.83
2716,9600,67.33333333333334,61.03333333333333,2.0,2,6.1033333333333335
2718,1082,37.75109289617486,34.71666666666667,61.0,24,3.4716666666666667
2718,1900,40.53910256410256,39.233333333333334,26.0,13,3.9233333333333333
2718,9600,56.48888888888889,49.2,12.0,4,4.92
3056,9030,34.84166666666667,40.03333333333333,16.0,7,4.003333333333333
3227,1200,46.97354740061163,45.61666666666667,109.0,47,4.5616666666666665
3424,1082,38.13046875,34.18333333333333,64.0,21,3.418333333333333
3658,1082,44.85571428571428,38.46666666666667,35.0,14,3.8466666666666667
3765,M7154,42.936329588014985,39.28333333333333,89.0,41,3.9283333333333332
3926,1900,47.864583333333336,41.06666666666667,24.0,9,4.106666666666667
4012,9710,45.20833333333333,39.03333333333333,4.0,3,3.9033333333333333
4131,1082,41.33421052631579,39.11666666666667,19.0,7,3.9116666666666666
4205,1500,48.813636363636355,43.68333333333333,11.0,4,4.368333333333333
4261,3400,39.12235067437379,36.4,173.0,69,3.6399999999999997
4261,G7426,47.04074074074074,44.6,63.0,21,4.46
4261,G7625,36.90625,38.0,16.0,5,3.8
4714,2200,38.205555555555556,40.733333333333334,12.0,6,4.073333333333333
4934,1000,47.05230862697449,44.583333333333336,823.0,339,4.458333333333334
4934,1500,38.90050675675675,36.71666666666667,296.0,119,3.671666666666667
4934,9700,44.6625,49.38333333333333,4.0,2,4.9383333333333335
4934,M7731,43.47656670511342,40.61666666666667,867.0,351,4.0616666666666665
4985,3100,40.36614583333333,38.45,32.0,12,3.845
4985,9030,41.815740740740736,35.666666666666664,54.0,20,3.5666666666666664
4985,M7111,47.47502564102564,43.55,325.0,128,4.3549999999999995
5010,9710,35.728205128205126,33.13333333333333,26.0,10,3.3133333333333335
5162,1200,38.342554991539764,35.86666666666667,197.0,77,3.586666666666667
5217,3400,38.500748129675806,36.71666666666667,401.0,173,3.671666666666667
5217,7101,38.08180428134557,36.45,218.0,92,3.6450000000000005
5631,1082,40.537254901960786,38.88333333333333,51.0,23,3.888333333333333
5703,2200,39.37684210526316,37.88333333333333,95.0,38,3.788333333333333
5754,3400,37.73527131782946,34.3,86.0,31,3.4299999999999997
5754,7101,37.891552511415526,35.13333333333333,73.0,29,3.513333333333333
5754,G7426,40.96632653061224,37.71666666666667,49.0,22,3.771666666666667
5754,G7625,39.70161290322581,39.266666666666666,31.0,11,3.9266666666666667
5964,9030,34.6,34.78333333333333,17.0,7,3.478333333333333
6398,1200,38.109375,41.11666666666667,16.0,8,4.111666666666666
6421,2200,37.62987421383647,37.43333333333333,106.0,48,3.743333333333333
6421,9030-1,38.86666666666667,38.86666666666667,4.0,1,3.8866666666666667
6608,1082,52.24444444444445,41.46666666666667,12.0,4,4.1466666666666665
6608,9709,38.949382716049385,36.93333333333333,27.0,10,3.693333333333333
6608,9710,35.85885416666667,30.116666666666667,32.0,14,3.0116666666666667
6608,9710-1,44.233333333333334,47.266666666666666,7.0,3,4.726666666666667
6874,1200,43.4903721682848,39.9,206.0,83,3.9899999999999998
6874,M7412,49.500672043010745,43.18333333333333,124.0,49,4.318333333333333
6952,G7426,27.466666666666665,27.466666666666665,3.0,1,2.7466666666666666
6952,G7625,28.900000000000002,18.483333333333334,6.0,2,1.8483333333333334
7106,9709,41.63214285714286,35.81666666666667,14.0,5,3.581666666666667
7106,9710,38.474242424242426,34.6,22.0,11,3.46
7106,9710-1,43.04999999999999,43.05,3.0,1,4.305
7368,1082,26.144444444444446,21.616666666666667,3.0,3,2.1616666666666666
7369,1082,33.822500000000005,36.45,20.0,9,3.6450000000000005
7369,1900,35.40666666666667,34.43333333333333,5.0,4,3.443333333333333
7369,9600,31.407142857142855,28.183333333333334,14.0,4,2.8183333333333334
7433,1500,38.637962962962966,35.75,18.0,8,3.575
7480,3100,41.777380952380945,39.65,56.0,17,3.965
7480,9030,40.00675675675676,35.483333333333334,37.0,15,3.5483333333333333
7608,1082,39.141666666666666,30.266666666666666,4.0,3,3.0266666666666664
7608,9709,31.244444444444444,33.233333333333334,3.0,2,3.3233333333333333
7608,9710,48.204166666666666,56.666666666666664,4.0,2,5.666666666666666
7697,3100,39.85648967551624,37.766666666666666,113.0,44,3.7766666666666664
7697,9030,34.94166666666666,32.15,38.0,16,3.215
7697,G7625,40.470416666666665,38.983333333333334,80.0,28,3.8983333333333334
7883,1500,65.50208333333333,43.9,8.0,4,4.39
8546,9600,37.20370370370371,39.3,9.0,5,3.9299999999999997
8590,1200,35.767857142857146,33.25,56.0,22,3.325
8635,2200,35.53333333333333,35.53333333333333,4.0,1,3.5533333333333332
8689,9709,24.664814814814818,25.25,9.0,3,2.525
8805,9600,54.983333333333334,54.983333333333334,4.0,1,5.498333333333333
8846,1200,42.512499999999996,40.266666666666666,116.0,49,4.026666666666666
8868,M7731,39.27200772200772,37.31666666666667,1036.0,424,3.731666666666667
8938,9709,30.583333333333332,28.433333333333334,5.0,3,2.8433333333333333
9284,9600,46.68333333333333,46.68333333333333,1.0,1,4.668333333333333
9285,9600,76.05,76.05,3.0,1,7.6049999999999995
9342,M7731,41.793008474576276,41.3,236.0,91,4.13
9400,M7111,37.26493506493507,35.71666666666667,77.0,26,3.5716666666666668
9815,1500,54.25689655172415,55.36666666666667,29.0,11,5.536666666666667
9860,1500,40.40909090909091,39.7,11.0,3,3.97
9860,G7426,46.87857142857143,41.166666666666664,119.0,44,4.116666666666666
9893,9710,27.233333333333334,27.233333333333334,3.0,1,2.7233333333333336
10047,1200,45.70357142857143,43.13333333333333,56.0,19,4.3133333333333335
10091,M7111,42.40204402515723,41.43333333333333,106.0,46,4.143333333333333
10101,7101,39.59473684210526,38.733333333333334,19.0,6,3.8733333333333335
10111,9710,34.65333333333333,33.63333333333333,5.0,2,3.3633333333333333
10121,9709,50.737500000000004,47.95,16.0,6,4.795
10121,9710,35.69553571428571,33.15,56.0,23,3.315
10121,9710-1,53.75,53.75,4.0,1,5.375
10274,1000,45.543355408388514,43.96666666666667,755.0,285,4.3966666666666665
10274,1100,54.55416666666667,61.43333333333333,8.0,4,6.143333333333333
10274,1500,40.93226626016259,38.68333333333333,328.0,125,3.868333333333333
10274,9700,51.13181818181818,57.21666666666667,11.0,4,5.721666666666667
10336,G7426,43.905833333333334,40.483333333333334,40.0,15,4.048333333333334
10336,G7625,45.950724637681155,42.13333333333333,23.0,9,4.213333333333333
10471,1082,26.903125000000003,28.666666666666668,16.0,7,2.8666666666666667
10528,9030,51.07905982905983,45.5,39.0,13,4.55
10528,9030-1,40.87115384615385,43.2,26.0,11,4.32
10528,M7154,45.67263374485597,44.06666666666667,81.0,34,4.406666666666667
10574,9710,42.95075757575757,38.45,22.0,9,3.845
10682,9700,42.952,43.28333333333333,25.0,11,4.328333333333333
10778,3100,40.52569213732004,39.766666666666666,301.0,117,3.9766666666666666
10778,9030,37.74787234042552,37.03333333333333,94.0,39,3.703333333333333
10778,G7426,45.022633744855966,39.36666666666667,324.0,120,3.9366666666666665
10778,G7625,37.10393518518518,36.4,144.0,61,3.6399999999999997
10778,M7111,39.6485260770975,39.516666666666666,147.0,57,3.9516666666666667
10778,M7154,37.61238938053098,36.46666666666667,113.0,42,3.646666666666667
10804,9709,52.96666666666667,52.96666666666667,3.0,1,5.296666666666667
10925,1000,30.085151515151516,31.866666666666667,55.0,26,3.1866666666666665
10925,1200,34.233333333333334,34.233333333333334,1.0,1,3.4233333333333333
10925,1900,20.973809523809525,21.016666666666666,7.0,2,2.1016666666666666
10997,2200,38.230555555555554,37.25,18.0,6,3.725
11178,1082,37.9,37.9,3.0,1,3.79
11239,1000,46.703125,43.666666666666664,448.0,172,4.366666666666666
11239,1500,38.727577937649876,38.916666666666664,139.0,51,3.8916666666666666
11239,9700,25.438888888888886,19.633333333333333,6.0,3,1.9633333333333334
11251,2200,35.68354341736695,34.86666666666667,238.0,104,3.486666666666667
11251,9030-1,36.11666666666667,36.11666666666667,3.0,1,3.611666666666667
11481,1200,41.00110062893082,40.45,106.0,44,4.045
11506,M7731,43.33333333333333,40.6,71.0,27,4.0600000000000005
11521,2200,41.1968992248062,44.56666666666667,43.0,17,4.456666666666667
11524,2200,41.83742138364779,37.05,53.0,22,3.7049999999999996
11550,3100,42.091911764705884,36.3,136.0,55,3.63
11550,9030,44.31977124183007,40.53333333333333,102.0,44,4.053333333333333
11550,9030-1,34.8,38.93333333333333,4.0,2,3.893333333333333
11550,M7111,52.16069651741292,46.71666666666667,469.0,183,4.671666666666667
11696,1082,38.19573170731707,37.233333333333334,82.0,32,3.7233333333333336
11696,1900,36.954166666666666,37.6,20.0,7,3.7600000000000002
11696,9600,42.64791666666667,45.95,8.0,3,4.595000000000001
11811,3100,36.23166666666666,37.61666666666667,100.0,39,3.7616666666666667
11811,9030,45.75572139303483,43.75,67.0,29,4.375
11811,G7625,41.386041666666664,40.45,80.0,33,4.045
12018,1200,38.011788617886175,38.333333333333336,41.0,22,3.8333333333333335
12253,1200,41.16288759689923,37.21666666666667,172.0,77,3.7216666666666667
12334,7101,47.18472222222223,51.25,12.0,6,5.125
12461,1000,32.275570175438595,32.53333333333333,380.0,150,3.253333333333333
12461,1082,34.83747044917258,35.95,141.0,58,3.595
12461,1200,34.43373983739838,36.3,41.0,19,3.63
12461,9700,42.166161616161624,42.06666666666667,33.0,12,4.206666666666667
12464,1000,34.01178861788618,33.88333333333333,246.0,103,3.388333333333333
12464,1200,41.24354838709677,39.28333333333333,31.0,11,3.9283333333333332
12556,3100,37.889047619047616,35.666666666666664,35.0,17,3.5666666666666664
12556,9030,41.31777777777778,35.65,30.0,12,3.565
12725,1082,36.18511904761905,35.56666666666667,56.0,24,3.556666666666667
12765,6701,36.67083333333333,35.916666666666664,8.0,5,3.5916666666666663
12765,M7731,36.36598016781083,32.8,874.0,350,3.28
12816,2200,56.58440860215054,44.2,31.0,12,4.42
12856,G7426,45.15893333333334,39.7,125.0,44,3.97
12984,9600,46.85066666666667,50.333333333333336,25.0,9,5.033333333333333
12985,1082,26.226666666666667,29.533333333333335,10.0,5,2.9533333333333336
13084,3100,37.51407103825137,33.483333333333334,122.0,48,3.3483333333333336
13084,9030,38.52106227106228,37.38333333333333,91.0,38,3.7383333333333333
13084,G7625,35.662222222222226,35.36666666666667,60.0,23,3.5366666666666666
13084,M7154,41.49503546099291,32.766666666666666,47.0,20,3.2766666666666664
13238,1082,39.79931506849315,38.166666666666664,73.0,31,3.8166666666666664
13238,1900,45.46666666666667,32.516666666666666,9.0,4,3.2516666666666665
13238,9600,30.705263157894734,31.3,19.0,7,3.13
13276,1200,41.44694444444445,37.666666666666664,180.0,69,3.7666666666666666
13276,M7412,42.08276836158193,40.21666666666667,118.0,46,4.0216666666666665
13315,2200,45.57800407331976,43.36666666666667,491.0,199,4.336666666666667
13315,9030-1,24.4,24.4,4.0,1,2.44
13318,2200,48.434452736318406,46.05,134.0,52,4.6049999999999995
13487,1082,38.88421052631579,37.86666666666667,19.0,8,3.7866666666666666
13487,9709,42.888888888888886,47.63333333333333,33.0,14,4.763333333333334
13487,9710,41.47943262411347,39.55,47.0,19,3.9549999999999996
13602,3400,40.78356481481482,36.71666666666667,72.0,33,3.671666666666667
13602,7101,39.65687830687832,35.11666666666667,63.0,23,3.5116666666666667
13631,7101,37.685,35.28333333333333,10.0,3,3.5283333333333333
13631,9709,36.299275362318845,34.35,23.0,9,3.435
13793,1000,43.249028871391076,41.36666666666667,635.0,247,4.136666666666667
13793,1100,59.06166666666665,67.08333333333333,10.0,3,6.708333333333333
13793,1500,43.62960704607046,43.88333333333333,246.0,101,4.388333333333334
13793,9700,36.61666666666667,36.61666666666667,1.0,1,3.6616666666666666
13997,1082,36.0878277153558,35.68333333333333,89.0,31,3.568333333333333
14004,1082,33.916666666666664,33.916666666666664,1.0,1,3.3916666666666666
14062,1500,45.25555555555555,46.63333333333333,3.0,2,4.663333333333333
14062,M7731,40.83425925925926,42.38333333333333,18.0,10,4.238333333333333
14103,3100,41.32234432234432,38.916666666666664,91.0,36,3.8916666666666666
14103,9030,45.26510416666667,40.733333333333334,64.0,26,4.073333333333333
14103,G7625,42.70947368421053,40.5,95.0,39,4.05
14103,M7154,42.46709401709402,43.45,39.0,17,4.345000000000001
14148,9710,42.3,42.3,4.0,1,4.2299999999999995
14284,9600,31.211111111111112,34.45,12.0,4,3.4450000000000003
14394,9709,38.420370370370364,38.016666666666666,9.0,3,3.8016666666666667
14394,9710,37.479166666666664,35.333333333333336,8.0,4,3.5333333333333337
14394,9710-1,32.204166666666666,25.033333333333335,4.0,2,2.5033333333333334
14783,1500,44.08771929824561,43.75,76.0,31,4.375
14783,9700,34.0,34.0,3.0,1,3.4
14787,1200,42.675000000000004,39.35,28.0,13,3.935
14839,G7625,46.440038314176256,38.71666666666667,87.0,35,3.871666666666667
15419,1082,33.35047619047619,31.35,70.0,27,3.1350000000000002
15474,M7731,51.651449275362324,51.78333333333333,69.0,31,5.178333333333333
