셀 ID,시간대,2024년 승차인원,2025년 승차인원,승차인원 변화량
44,새벽(00~05),3.0,14.0,11.0
44,출근(06~09),120.0,67.0,-53.0
44,낮(10~15),66.0,29.0,-37.0
44,저녁(16~23),80.0,54.0,-26.0
76,새벽(00~05),0.0,0.0,0.0
76,출근(06~09),0.0,2.0,2.0
76,낮(10~15),11.0,22.0,11.0
76,저녁(16~23),6.0,11.0,5.0
559,새벽(00~05),11.0,6.0,-5.0
559,출근(06~09),17.0,27.0,10.0
559,낮(10~15),16.0,23.0,7.0
559,저녁(16~23),38.0,34.0,-4.0
619,새벽(00~05),0.0,0.0,0.0
619,출근(06~09),1.0,0.0,-1.0
619,낮(10~15),0.0,0.0,0.0
619,저녁(16~23),0.0,4.0,4.0
765,새벽(00~05),0.0,4.0,4.0
765,출근(06~09),18.0,17.0,-1.0
765,낮(10~15),0.0,2.0,2.0
765,저녁(16~23),0.0,2.0,2.0
1064,새벽(00~05),0.0,6.0,6.0
1064,출근(06~09),56.0,30.0,-26.0
1064,낮(10~15),16.0,14.0,-2.0
1064,저녁(16~23),6.0,2.0,-4.0
1115,새벽(00~05),9.0,1.0,-8.0
1115,출근(06~09),79.0,49.0,-30.0
1115,낮(10~15),19.0,3.0,-16.0
1115,저녁(16~23),4.0,3.0,-1.0
1117,새벽(00~05),0.0,0.0,0.0
1117,출근(06~09),4.0,8.0,4.0
1117,낮(10~15),3.0,0.0,-3.0
1117,저녁(16~23),3.0,0.0,-3.0
1118,새벽(00~05),11.0,5.0,-6.0
1118,출근(06~09),123.0,79.0,-44.0
1118,낮(10~15),23.0,39.0,16.0
1118,저녁(16~23),22.0,15.0,-7.0
1235,새벽(00~05),3.0,0.0,-3.0
1235,출근(06~09),3.0,2.0,-1.0
1235,낮(10~15),0.0,0.0,0.0
1235,저녁(16~23),0.0,0.0,0.0
1278,새벽(00~05),26.0,11.0,-15.0
1278,출근(06~09),60.0,93.0,33.0
1278,낮(10~15),34.0,32.0,-2.0
1278,저녁(16~23),12.0,31.0,19.0
1295,새벽(00~05),10.0,0.0,-10.0
1295,출근(06~09),20.0,32.0,12.0
1295,낮(10~15),56.0,17.0,-39.0
1295,저녁(16~23),7.0,21.0,14.0
1518,새벽(00~05),0.0,0.0,0.0
1518,출근(06~09),3.0,1.0,-2.0
1518,낮(10~15),0.0,1.0,1.0
1518,저녁(16~23),0.0,0.0,0.0
1538,새벽(00~05),13.0,5.0,-8.0
1538,출근(06~09),50.0,14.0,-36.0
1538,낮(10~15),11.0,9.0,-2.0
1538,저녁(16~23),17.0,3.0,-14.0
1572,새벽(00~05),0.0,4.0,4.0
1572,출근(06~09),8.0,4.0,-4.0
1572,낮(10~15),6.0,24.0,18.0
1572,저녁(16~23),59.0,63.0,4.0
1712,새벽(00~05),0.0,8.0,8.0
1712,출근(06~09),20.0,34.0,14.0
1712,낮(10~15),11.0,11.0,0.0
1712,저녁(16~23),12.0,12.0,0.0
1713,새벽(00~05),9.0,9.0,0.0
1713,출근(06~09),61.0,66.0,5.0
1713,낮(10~15),17.0,27.0,10.0
1713,저녁(16~23),24.0,20.0,-4.0
1757,새벽(00~05),38.0,31.0,-7.0
1757,출근(06~09),208.0,158.0,-50.0
1757,낮(10~15),79.0,64.0,-15.0
1757,저녁(16~23),86.0,40.0,-46.0
1962,새벽(00~05),4.0,5.0,1.0
1962,출근(06~09),0.0,9.0,9.0
1962,낮(10~15),0.0,4.0,4.0
1962,저녁(16~23),0.0,0.0,0.0
2268,새벽(00~05),0.0,0.0,0.0
2268,출근(06~09),9.0,6.0,-3.0
2268,낮(10~15),0.0,0.0,0.0
2268,저녁(16~23),0.0,0.0,0.0
2287,새벽(00~05),10.0,7.0,-3.0
2287,출근(06~09),88.0,37.0,-51.0
2287,낮(10~15),42.0,22.0,-20.0
2287,저녁(16~23),27.0,20.0,-7.0
2295,새벽(00~05),0.0,0.0,0.0
2295,출근(06~09),0.0,3.0,3.0
2295,낮(10~15),0.0,4.0,4.0
2295,저녁(16~23),6.0,15.0,9.0
2477,새벽(00~05),13.0,9.0,-4.0
2477,출근(06~09),26.0,40.0,14.0
2477,낮(10~15),71.0,37.0,-34.0
2477,저녁(16~23),20.0,12.0,-8.0
2586,새벽(00~05),24.0,20.0,-4.0
2586,출근(06~09),52.0,37.0,-15.0
2586,낮(10~15),11.0,20.0,9.0
2586,저녁(16~23),9.0,6.0,-3.0
2716,새벽(00~05),2.0,3.0,1.0
2716,출근(06~09),32.0,43.0,11.0
2716,낮(10~15),19.0,10.0,-9.0
2716,저녁(16~23),20.0,20.0,0.0
2718,새벽(00~05),16.0,7.0,-9.0
2718,출근(06~09),47.0,32.0,-15.0
2718,낮(10~15),15.0,13.0,-2.0
2718,저녁(16~23),21.0,15.0,-6.0
3056,새벽(00~05),3.0,4.0,1.0
3056,출근(06~09),9.0,3.0,-6.0
3056,낮(10~15),0.0,3.0,3.0
3056,저녁(16~23),4.0,0.0,-4.0
3227,새벽(00~05),1.0,0.0,-1.0
3227,출근(06~09),74.0,69.0,-5.0
3227,낮(10~15),30.0,21.0,-9.0
3227,저녁(16~23),4.0,5.0,1.0
3424,새벽(00~05),2.0,0.0,-2.0
3424,출근(06~09),32.0,31.0,-1.0
3424,낮(10~15),23.0,5.0,-18.0
3424,저녁(16~23),7.0,0.0,-7.0
3658,새벽(00~05),4.0,0.0,-4.0
3658,출근(06~09),22.0,10.0,-12.0
3658,낮(10~15),9.0,0.0,-9.0
3658,저녁(16~23),0.0,3.0,3.0
3765,새벽(00~05),9.0,1.0,-8.0
3765,출근(06~09),58.0,19.0,-39.0
3765,낮(10~15),8.0,7.0,-1.0
3765,저녁(16~23),14.0,0.0,-14.0
3926,새벽(00~05),1.0,0.0,-1.0
3926,출근(06~09),17.0,1.0,-16.0
3926,낮(10~15),6.0,6.0,0.0
3926,저녁(16~23),0.0,0.0,0.0
4012,새벽(00~05),3.0,9.0,6.0
4012,출근(06~09),1.0,3.0,2.0
4012,낮(10~15),0.0,3.0,3.0
4012,저녁(16~23),0.0,1.0,1.0
4131,새벽(00~05),1.0,0.0,-1.0
4131,출근(06~09),11.0,18.0,7.0
4131,낮(10~15),4.0,5.0,1.0
4131,저녁(16~23),3.0,9.0,6.0
4205,새벽(00~05),0.0,0.0,0.0
4205,출근(06~09),11.0,1.0,-10.0
4205,낮(10~15),0.0,4.0,4.0
4205,저녁(16~23),0.0,4.0,4.0
4261,새벽(00~05),34.0,28.0,-6.0
4261,출근(06~09),171.0,104.0,-67.0
4261,낮(10~15),36.0,36.0,0.0
4261,저녁(16~23),11.0,24.0,13.0
4714,새벽(00~05),0.0,0.0,0.0
4714,출근(06~09),0.0,0.0,0.0
4714,낮(10~15),2.0,2.0,0.0
4714,저녁(16~23),10.0,5.0,-5.0
4934,새벽(00~05),73.0,87.0,14.0
4934,출근(06~09),649.0,585.0,-64.0
4934,낮(10~15),488.0,667.0,179.0
4934,저녁(16~23),780.0,923.0,143.0
4985,새벽(00~05),29.0,17.0,-12.0
4985,출근(06~09),274.0,64.0,-210.0
4985,낮(10~15),81.0,46.0,-35.0
4985,저녁(16~23),27.0,17.0,-10.0
5010,새벽(00~05),0.0,0.0,0.0
5010,출근(06~09),7.0,6.0,-1.0
5010,낮(10~15),8.0,6.0,-2.0
5010,저녁(16~23),11.0,1.0,-10.0
5162,새벽(00~05),7.0,5.0,-2.0
5162,출근(06~09),43.0,16.0,-27.0
5162,낮(10~15),46.0,32.0,-14.0
5162,저녁(16~23),101.0,40.0,-61.0
5217,새벽(00~05),77.0,43.0,-34.0
5217,출근(06~09),337.0,218.0,-119.0
5217,낮(10~15),129.0,82.0,-47.0
5217,저녁(16~23),76.0,97.0,21.0
5631,새벽(00~05),7.0,4.0,-3.0
5631,출근(06~09),25.0,32.0,7.0
5631,낮(10~15),5.0,11.0,6.0
5631,저녁(16~23),14.0,7.0,-7.0
5703,새벽(00~05),0.0,3.0,3.0
5703,출근(06~09),17.0,8.0,-9.0
5703,낮(10~15),17.0,17.0,0.0
5703,저녁(16~23),61.0,37.0,-24.0
5754,새벽(00~05),28.0,46.0,18.0
5754,출근(06~09),140.0,112.0,-28.0
5754,낮(10~15),38.0,35.0,-3.0
5754,저녁(16~23),33.0,18.0,-15.0
5964,새벽(00~05),2.0,0.0,-2.0
5964,출근(06~09),8.0,10.0,2.0
5964,낮(10~15),2.0,0.0,-2.0
5964,저녁(16~23),5.0,0.0,-5.0
6398,새벽(00~05),0.0,0.0,0.0
6398,출근(06~09),7.0,17.0,10.0
6398,낮(10~15),1.0,7.0,6.0
6398,저녁(16~23),8.0,11.0,3.0
6421,새벽(00~05),1.0,6.0,5.0
6421,출근(06~09),27.0,31.0,4.0
6421,낮(10~15),21.0,45.0,24.0
6421,저녁(16~23),61.0,151.0,90.0
6608,새벽(00~05),7.0,11.0,4.0
6608,출근(06~09),52.0,46.0,-6.0
6608,낮(10~15),3.0,18.0,15.0
6608,저녁(16~23),16.0,13.0,-3.0
6874,새벽(00~05),42.0,32.0,-10.0
6874,출근(06~09),144.0,87.0,-57.0
6874,낮(10~15),74.0,76.0,2.0
6874,저녁(16~23),70.0,45.0,-25.0
6952,새벽(00~05),0.0,12.0,12.0
6952,출근(06~09),2.0,6.0,4.0
6952,낮(10~15),0.0,3.0,3.0
6952,저녁(16~23),7.0,3.0,-4.0
7106,새벽(00~05),4.0,0.0,-4.0
7106,출근(06~09),22.0,38.0,16.0
7106,낮(10~15),4.0,11.0,7.0
7106,저녁(16~23),9.0,7.0,-2.0
7368,새벽(00~05),0.0,2.0,2.0
7368,출근(06~09),0.0,0.0,0.0
7368,낮(10~15),0.0,0.0,0.0
7368,저녁(16~23),3.0,3.0,0.0
7369,새벽(00~05),2.0,1.0,-1.0
7369,출근(06~09),27.0,19.0,-8.0
7369,낮(10~15),4.0,0.0,-4.0
7369,저녁(16~23),6.0,2.0,-4.0
7433,새벽(00~05),1.0,3.0,2.0
7433,출근(06~09),9.0,0.0,-9.0
7433,낮(10~15),4.0,10.0,6.0
7433,저녁(16~23),4.0,0.0,-4.0
7480,새벽(00~05),2.0,10.0,8.0
7480,출근(06~09),49.0,66.0,17.0
7480,낮(10~15),23.0,35.0,12.0
7480,저녁(16~23),19.0,18.0,-1.0
7608,새벽(00~05),3.0,2.0,-1.0
7608,출근(06~09),4.0,8.0,4.0
7608,낮(10~15),0.0,4.0,4.0
7608,저녁(16~23),4.0,3.0,-1.0
7697,새벽(00~05),24.0,16.0,-8.0
7697,출근(06~09),113.0,56.0,-57.0
7697,낮(10~15),53.0,13.0,-40.0
7697,저녁(16~23),41.0,13.0,-28.0
7883,새벽(00~05),1.0,4.0,3.0
7883,출근(06~09),7.0,9.0,2.0
7883,낮(10~15),0.0,0.0,0.0
7883,저녁(16~23),0.0,0.0,0.0
8546,새벽(00~05),7.0,2.0,-5.0
8546,출근(06~09),1.0,8.0,7.0
8546,낮(10~15),0.0,0.0,0.0
8546,저녁(16~23),1.0,4.0,3.0
8590,새벽(00~05),3.0,1.0,-2.0
8590,출근(06~09),23.0,9.0,-14.0
8590,낮(10~15),10.0,16.0,6.0
8590,저녁(16~23),20.0,28.0,8.0
8635,새벽(00~05),0.0,5.0,5.0
8635,출근(06~09),0.0,0.0,0.0
8635,낮(10~15),4.0,6.0,2.0
8635,저녁(16~23),0.0,0.0,0.0
8689,새벽(00~05),0.0,2.0,2.0
8689,출근(06~09),4.0,13.0,9.0
8689,낮(10~15),5.0,6.0,1.0
8689,저녁(16~23),0.0,0.0,0.0
8805,새벽(00~05),4.0,1.0,-3.0
8805,출근(06~09),0.0,2.0,2.0
8805,낮(10~15),0.0,0.0,0.0
8805,저녁(16~23),0.0,0.0,0.0
8846,새벽(00~05),2.0,0.0,-2.0
8846,출근(06~09),76.0,70.0,-6.0
8846,낮(10~15),30.0,21.0,-9.0
8846,저녁(16~23),8.0,7.0,-1.0
8868,새벽(00~05),3.0,9.0,6.0
8868,출근(06~09),83.0,60.0,-23.0
8868,낮(10~15),415.0,106.0,-309.0
8868,저녁(16~23),535.0,249.0,-286.0
8938,새벽(00~05),0.0,0.0,0.0
8938,출근(06~09),5.0,12.0,7.0
8938,낮(10~15),0.0,0.0,0.0
8938,저녁(16~23),0.0,0.0,0.0
9284,새벽(00~05),0.0,2.0,2.0
9284,출근(06~09),1.0,0.0,-1.0
9284,낮(10~15),0.0,0.0,0.0
9284,저녁(16~23),0.0,0.0,0.0
9285,새벽(00~05),3.0,3.0,0.0
9285,출근(06~09),0.0,0.0,0.0
9285,낮(10~15),0.0,0.0,0.0
9285,저녁(16~23),0.0,0.0,0.0
9342,새벽(00~05),11.0,34.0,23.0
9342,출근(06~09),91.0,163.0,72.0
9342,낮(10~15),77.0,75.0,-2.0
9342,저녁(16~23),57.0,71.0,14.0
9400,새벽(00~05),17.0,4.0,-13.0
9400,출근(06~09),39.0,11.0,-28.0
9400,낮(10~15),14.0,13.0,-1.0
9400,저녁(16~23),7.0,1.0,-6.0
9815,새벽(00~05),0.0,10.0,10.0
9815,출근(06~09),15.0,15.0,0.0
9815,낮(10~15),4.0,0.0,-4.0
9815,저녁(16~23),10.0,7.0,-3.0
9860,새벽(00~05),11.0,13.0,2.0
9860,출근(06~09),77.0,49.0,-28.0
9860,낮(10~15),37.0,16.0,-21.0
9860,저녁(16~23),5.0,16.0,11.0
9893,새벽(00~05),0.0,4.0,4.0
9893,출근(06~09),3.0,3.0,0.0
9893,낮(10~15),0.0,2.0,2.0
9893,저녁(16~23),0.0,0.0,0.0
10047,새벽(00~05),9.0,0.0,-9.0
10047,출근(06~09),37.0,19.0,-18.0
10047,낮(10~15),3.0,1.0,-2.0
10047,저녁(16~23),7.0,7.0,0.0
10091,새벽(00~05),8.0,1.0,-7.0
10091,출근(06~09),46.0,58.0,12.0
10091,낮(10~15),34.0,28.0,-6.0
10091,저녁(16~23),18.0,5.0,-13.0
10101,새벽(00~05),0.0,0.0,0.0
10101,출근(06~09),15.0,5.0,-10.0
10101,낮(10~15),4.0,0.0,-4.0
10101,저녁(16~23),0.0,0.0,0.0
10111,새벽(00~05),0.0,1.0,1.0
10111,출근(06~09),5.0,4.0,-1.0
10111,낮(10~15),0.0,0.0,0.0
10111,저녁(16~23),0.0,1.0,1.0
10121,새벽(00~05),0.0,0.0,0.0
10121,출근(06~09),48.0,52.0,4.0
10121,낮(10~15),14.0,15.0,1.0
10121,저녁(16~23),14.0,21.0,7.0
10274,새벽(00~05),34.0,38.0,4.0
10274,출근(06~09),400.0,298.0,-102.0
10274,낮(10~15),282.0,200.0,-82.0
10274,저녁(16~23),386.0,270.0,-116.0
10336,새벽(00~05),19.0,26.0,7.0
10336,출근(06~09),36.0,28.0,-8.0
10336,낮(10~15),8.0,8.0,0.0
10336,저녁(16~23),0.0,7.0,7.0
10471,새벽(00~05),0.0,0.0,0.0
10471,출근(06~09),2.0,0.0,-2.0
10471,낮(10~15),3.0,9.0,6.0
10471,저녁(16~23),11.0,8.0,-3.0
10528,새벽(00~05),16.0,6.0,-10.0
10528,출근(06~09),70.0,30.0,-40.0
10528,낮(10~15),25.0,20.0,-5.0
10528,저녁(16~23),35.0,21.0,-14.0
10574,새벽(00~05),0.0,0.0,0.0
10574,출근(06~09),7.0,0.0,-7.0
10574,낮(10~15),5.0,0.0,-5.0
10574,저녁(16~23),10.0,4.0,-6.0
10682,새벽(00~05),0.0,0.0,0.0
10682,출근(06~09),22.0,16.0,-6.0
10682,낮(10~15),3.0,0.0,-3.0
10682,저녁(16~23),0.0,1.0,1.0
10778,새벽(00~05),81.0,59.0,-22.0
10778,출근(06~09),463.0,423.0,-40.0
10778,낮(10~15),340.0,278.0,-62.0
10778,저녁(16~23),239.0,222.0,-17.0
10804,새벽(00~05),0.0,0.0,0.0
10804,출근(06~09),3.0,0.0,-3.0
10804,낮(10~15),0.0,0.0,0.0
10804,저녁(16~23),0.0,2.0,2.0
10925,새벽(00~05),17.0,20.0,3.0
10925,출근(06~09),12.0,43.0,31.0
10925,낮(10~15),28.0,31.0,3.0
10925,저녁(16~23),6.0,13.0,7.0
10997,새벽(00~05),0.0,0.0,0.0
10997,출근(06~09),8.0,3.0,-5.0
10997,낮(10~15),0.0,0.0,0.0
10997,저녁(16~23),10.0,6.0,-4.0
11178,새벽(00~05),3.0,0.0,-3.0
11178,출근(06~09),0.0,0.0,0.0
11178,낮(10~15),0.0,0.0,0.0
11178,저녁(16~23),0.0,3.0,3.0
11239,새벽(00~05),27.0,39.0,12.0
11239,출근(06~09),295.0,158.0,-137.0
11239,낮(10~15),158.0,90.0,-68.0
11239,저녁(16~23),113.0,65.0,-48.0
11251,새벽(00~05),0.0,0.0,0.0
11251,출근(06~09),42.0,23.0,-19.0
11251,낮(10~15),45.0,57.0,12.0
11251,저녁(16~23),154.0,98.0,-56.0
11481,새벽(00~05),8.0,6.0,-2.0
11481,출근(06~09),45.0,31.0,-14.0
11481,낮(10~15),40.0,31.0,-9.0
11481,저녁(16~23),13.0,24.0,11.0
11506,새벽(00~05),0.0,14.0,14.0
11506,출근(06~09),46.0,33.0,-13.0
11506,낮(10~15),20.0,22.0,2.0
11506,저녁(16~23),5.0,11.0,6.0
11521,새벽(00~05),0.0,4.0,4.0
11521,출근(06~09),13.0,22.0,9.0
11521,낮(10~15),14.0,12.0,-2.0
11521,저녁(16~23),16.0,26.0,10.0
11524,새벽(00~05),4.0,0.0,-4.0
11524,출근(06~09),23.0,8.0,-15.0
11524,낮(10~15),10.0,19.0,9.0
11524,저녁(16~23),16.0,8.0,-8.0
11550,새벽(00~05),72.0,29.0,-43.0
11550,출근(06~09),396.0,92.0,-304.0
11550,낮(10~15),146.0,38.0,-108.0
11550,저녁(16~23),97.0,42.0,-55.0
11696,새벽(00~05),11.0,17.0,6.0
11696,출근(06~09),60.0,44.0,-16.0
11696,낮(10~15),10.0,20.0,10.0
11696,저녁(16~23),29.0,26.0,-3.0
11811,새벽(00~05),24.0,40.0,16.0
11811,출근(06~09),131.0,96.0,-35.0
11811,낮(10~15),56.0,46.0,-10.0
11811,저녁(16~23),36.0,36.0,0.0
12018,새벽(00~05),0.0,4.0,4.0
12018,출근(06~09),39.0,29.0,-10.0
12018,낮(10~15),2.0,2.0,0.0
12018,저녁(16~23),0.0,2.0,2.0
12253,새벽(00~05),11.0,13.0,2.0
12253,출근(06~09),68.0,41.0,-27.0
12253,낮(10~15),57.0,33.0,-24.0
12253,저녁(16~23),36.0,44.0,8.0
12334,새벽(00~05),0.0,2.0,2.0
12334,출근(06~09),11.0,12.0,1.0
12334,낮(10~15),1.0,0.0,-1.0
12334,저녁(16~23),0.0,0.0,0.0
12461,새벽(00~05),58.0,76.0,18.0
12461,출근(06~09),237.0,337.0,100.0
12461,낮(10~15),217.0,166.0,-51.0
12461,저녁(16~23),83.0,87.0,4.0
12464,새벽(00~05),30.0,27.0,-3.0
12464,출근(06~09),86.0,154.0,68.0
12464,낮(10~15),103.0,152.0,49.0
12464,저녁(16~23),58.0,62.0,4.0
12556,새벽(00~05),5.0,8.0,3.0
12556,출근(06~09),45.0,20.0,-25.0
12556,낮(10~15),9.0,28.0,19.0
12556,저녁(16~23),6.0,29.0,23.0
12725,새벽(00~05),5.0,2.0,-3.0
12725,출근(06~09),20.0,38.0,18.0
12725,낮(10~15),5.0,7.0,2.0
12725,저녁(16~23),26.0,18.0,-8.0
12765,새벽(00~05),59.0,44.0,-15.0
12765,출근(06~09),387.0,273.0,-114.0
12765,낮(10~15),224.0,221.0,-3.0
12765,저녁(16~23),212.0,407.0,195.0
12816,새벽(00~05),1.0,13.0,12.0
12816,출근(06~09),18.0,25.0,7.0
12816,낮(10~15),5.0,1.0,-4.0
12816,저녁(16~23),7.0,3.0,-4.0
12856,새벽(00~05),31.0,20.0,-11.0
12856,출근(06~09),45.0,39.0,-6.0
12856,낮(10~15),23.0,7.0,-16.0
12856,저녁(16~23),26.0,10.0,-16.0
12984,새벽(00~05),13.0,0.0,-13.0
12984,출근(06~09),12.0,10.0,-2.0
12984,낮(10~15),0.0,0.0,0.0
12984,저녁(16~23),0.0,0.0,0.0
12985,새벽(00~05),3.0,0.0,-3.0
12985,출근(06~09),5.0,5.0,0.0
12985,낮(10~15),2.0,0.0,-2.0
12985,저녁(16~23),0.0,0.0,0.0
13084,새벽(00~05),31.0,17.0,-14.0
13084,출근(06~09),197.0,132.0,-65.0
13084,낮(10~15),63.0,44.0,-19.0
13084,저녁(16~23),29.0,42.0,13.0
13238,새벽(00~05),18.0,6.0,-12.0
13238,출근(06~09),29.0,42.0,13.0
13238,낮(10~15),14.0,15.0,1.0
13238,저녁(16~23),40.0,14.0,-26.0
13276,새벽(00~05),31.0,9.0,-22.0
13276,출근(06~09),171.0,118.0,-53.0
13276,낮(10~15),70.0,75.0,5.0
13276,저녁(16~23),26.0,31.0,5.0
13315,새벽(00~05),23.0,12.0,-11.0
13315,출근(06~09),214.0,71.0,-143.0
13315,낮(10~15),106.0,57.0,-49.0
13315,저녁(16~23),152.0,158.0,6.0
13318,새벽(00~05),12.0,14.0,2.0
13318,출근(06~09),76.0,23.0,-53.0
13318,낮(10~15),22.0,17.0,-5.0
13318,저녁(16~23),24.0,9.0,-15.0
13487,새벽(00~05),10.0,3.0,-7.0
13487,출근(06~09),65.0,68.0,3.0
13487,낮(10~15),21.0,11.0,-10.0
13487,저녁(16~23),3.0,12.0,9.0
13602,새벽(00~05),0.0,0.0,0.0
13602,출근(06~09),113.0,28.0,-85.0
13602,낮(10~15),14.0,2.0,-12.0
13602,저녁(16~23),8.0,4.0,-4.0
13631,새벽(00~05),6.0,3.0,-3.0
13631,출근(06~09),12.0,18.0,6.0
13631,낮(10~15),0.0,1.0,1.0
13631,저녁(16~23),15.0,1.0,-14.0
13793,새벽(00~05),50.0,57.0,7.0
13793,출근(06~09),466.0,420.0,-46.0
13793,낮(10~15),258.0,130.0,-128.0
13793,저녁(16~23),118.0,130.0,12.0
13997,새벽(00~05),9.0,7.0,-2.0
13997,출근(06~09),38.0,26.0,-12.0
13997,낮(10~15),19.0,4.0,-15.0
13997,저녁(16~23),23.0,20.0,-3.0
14004,새벽(00~05),1.0,0.0,-1.0
14004,출근(06~09),0.0,5.0,5.0
14004,낮(10~15),0.0,0.0,0.0
14004,저녁(16~23),0.0,2.0,2.0
14062,새벽(00~05),1.0,0.0,-1.0
14062,출근(06~09),9.0,23.0,14.0
14062,낮(10~15),5.0,16.0,11.0
14062,저녁(16~23),6.0,14.0,8.0
14103,새벽(00~05),44.0,17.0,-27.0
14103,출근(06~09),156.0,101.0,-55.0
14103,낮(10~15),39.0,28.0,-11.0
14103,저녁(16~23),50.0,58.0,8.0
14148,새벽(00~05),0.0,0.0,0.0
14148,출근(06~09),0.0,0.0,0.0
14148,낮(10~15),0.0,0.0,0.0
14148,저녁(16~23),4.0,5.0,1.0
14284,새벽(00~05),0.0,0.0,0.0
14284,출근(06~09),8.0,0.0,-8.0
14284,낮(10~15),4.0,1.0,-3.0
14284,저녁(16~23),0.0,0.0,0.0
14394,새벽(00~05),3.0,2.0,-1.0
14394,출근(06~09),14.0,16.0,2.0
14394,낮(10~15),4.0,0.0,-4.0
14394,저녁(16~23),0.0,0.0,0.0
14783,새벽(00~05),10.0,9.0,-1.0
14783,출근(06~09),23.0,17.0,-6.0
14783,낮(10~15),19.0,11.0,-8.0
14783,저녁(16~23),27.0,25.0,-2.0
14787,새벽(00~05),0.0,0.0,0.0
14787,출근(06~09),27.0,29.0,2.0
14787,낮(10~15),1.0,3.0,2.0
14787,저녁(16~23),0.0,3.0,3.0
14839,새벽(00~05),20.0,8.0,-12.0
14839,출근(06~09),52.0,51.0,-1.0
14839,낮(10~15),7.0,3.0,-4.0
14839,저녁(16~23),8.0,9.0,1.0
15419,새벽(00~05),11.0,6.0,-5.0
15419,출근(06~09),22.0,21.0,-1.0
15419,낮(10~15),23.0,14.0,-9.0
15419,저녁(16~23),14.0,5.0,-9.0
15474,새벽(00~05),7.0,8.0,1.0
15474,출근(06~09),40.0,57.0,17.0
15474,낮(10~15),16.0,21.0,5.0
15474,저녁(16~23),6.0,19.0,13.0
