셀 ID,노선,y2024,y2025
44,1200,269,164
76,2200,17,35
559,3100,82,90
619,9710,1,4
765,9709,12,14
765,9710,6,11
1064,1200,78,52
1115,3400,46,40
1115,7101,65,16
1117,9709,10,8
1118,3400,101,80
1118,7101,78,58
1235,9600,6,2
1278,M7412,132,167
1295,1000,93,70
1518,1200,3,2
1538,1200,91,31
1572,2200,73,95
1712,1082,43,65
1713,1082,111,122
1757,1000,287,222
1757,1500,124,71
1962,9600,4,18
2268,1900,9,6
2287,1000,167,86
2295,2200,6,22
2477,1082,130,98
2586,1500,21,10
2586,G7426,75,73
2716,1082,57,52
2716,1900,14,19
2716,9600,2,5
2718,1082,61,41
2718,1900,26,16
2718,9600,12,10
3056,9030,16,10
3227,1200,109,95
3424,1082,64,36
3658,1082,35,13
3765,M7154,89,27
3926,1900,24,7
4012,9710,4,16
4131,1082,19,32
4205,1500,11,9
4261,3400,173,145
4261,G7426,63,26
4261,G7625,16,21
4714,2200,12,7
4934,1000,823,480
4934,1500,296,209
4934,9700,4,3
4934,M7731,867,1570
4985,3100,32,30
4985,9030,54,39
4985,M7111,325,75
5010,9710,26,13
5162,1200,197,93
5217,3400,401,266
5217,7101,218,174
5631,1082,51,54
5703,2200,95,65
5754,3400,86,66
5754,7101,73,48
5754,G7426,49,65
5754,G7625,31,32
5964,9030,17,10
6398,1200,16,35
6421,2200,106,224
6421,9030-1,4,9
6608,1082,12,9
6608,9709,27,29
6608,9710,32,43
6608,9710-1,7,7
6874,1200,206,111
6874,M7412,124,129
6952,G7426,3,16
6952,G7625,6,8
7106,9709,14,24
7106,9710,22,30
7106,9710-1,3,2
7368,1082,3,5
7369,1082,20,11
7369,1900,5,10
7369,9600,14,1
7433,1500,18,13
7480,3100,56,69
7480,9030,37,60
7608,1082,4,10
7608,9709,3,5
7608,9710,4,2
7697,3100,113,38
7697,9030,38,41
7697,G7625,80,19
7883,1500,8,13
8546,9600,9,14
8590,1200,56,54
8635,2200,4,11
8689,9709,9,21
8805,9600,4,3
8846,1200,116,98
8868,M7731,1036,424
8938,9709,5,12
9284,9600,1,2
9285,9600,3,3
9342,M7731,236,343
9400,M7111,77,29
9815,1500,29,32
9860,1500,11,6
9860,G7426,119,88
9893,9710,3,9
10047,1200,56,27
10091,M7111,106,92
10101,7101,19,5
10111,9710,5,6
10121,9709,16,25
10121,9710,56,61
10121,9710-1,4,2
10274,1000,755,531
10274,1100,8,6
10274,1500,328,259
10274,9700,11,10
10336,G7426,40,45
10336,G7625,23,24
10471,1082,16,17
10528,9030,39,11
10528,9030-1,26,19
10528,M7154,81,47
10574,9710,22,4
10682,9700,25,17
10778,3100,301,347
10778,9030,94,198
10778,G7426,324,191
10778,G7625,144,99
10778,M7111,147,104
10778,M7154,113,43
10804,9709,3,2
10925,1000,55,96
10925,1200,1,10
10925,1900,7,1
10997,2200,18,9
11178,1082,3,3
11239,1000,448,234
11239,1500,139,114
11239,9700,6,4
11251,2200,238,172
11251,9030-1,3,6
11481,1200,106,92
11506,M7731,71,80
11521,2200,43,64
11524,2200,53,35
11550,3100,136,62
11550,9030,102,64
11550,9030-1,4,4
11550,M7111,469,71
11696,1082,82,82
11696,1900,20,13
11696,9600,8,12
11811,3100,100,65
11811,9030,67,105
11811,G7625,80,48
12018,1200,41,37
12253,1200,172,131
12334,7101,12,14
12461,1000,380,433
12461,1082,141,121
12461,1200,41,99
12461,9700,33,13
12464,1000,246,346
12464,1200,31,49
12556,3100,35,49
12556,9030,30,36
12725,1082,56,65
12765,6701,8,73
12765,M7731,874,872
12816,2200,31,42
12856,G7426,125,76
12984,9600,25,10
12985,1082,10,5
13084,3100,122,61
13084,9030,91,129
13084,G7625,60,18
13084,M7154,47,27
13238,1082,73,54
13238,1900,9,16
13238,9600,19,7
13276,1200,180,91
13276,M7412,118,142
13315,2200,491,296
13315,9030-1,4,2
13318,2200,134,63
13487,1082,19,7
13487,9709,33,38
13487,9710,47,49
13602,3400,72,13
13602,7101,63,21
13631,7101,10,6
13631,9709,23,17
13793,1000,635,548
13793,1100,10,4
13793,1500,246,177
13793,9700,1,8
13997,1082,89,57
14004,1082,1,7
14062,1500,3,12
14062,M7731,18,41
14103,3100,91,63
14103,9030,64,85
14103,G7625,95,49
14103,M7154,39,7
14148,9710,4,5
14284,9600,12,1
14394,9709,9,7
14394,9710,8,10
14394,9710-1,4,1
14783,1500,76,60
14783,9700,3,2
14787,1200,28,35
14839,G7625,87,71
15419,1082,70,46
15474,M7731,69,105
