셀 ID,중심점 위도,중심점 경도,2024년 승차인원,2025년 승차인원,승차인원 증감,2024년 노선 목록,2025년 노선 목록,2024년 정류장명,2025년 정류장명,2024년 정류장 ID,2025년 정류장 ID,2024년 노선·정류장 상세,2025년 노선·정류장 상세
44,37.65648981807742,126.79001314810708,269.0,164.0,-105.0,1200,1200,마두1동행정복지센터.마두청소년수련관,마두1동행정복지센터.마두청소년수련관,4110851,4110851,1200 : 마두1동행정복지센터.마두청소년수련관 [4110851],1200 : 마두1동행정복지센터.마두청소년수련관 [4110851]
76,37.79109570326217,126.69786725945113,17.0,35.0,18.0,2200,2200,경모공원앞.헤이리6번게이트,경모공원앞.헤이리6번게이트,4175733,4175733,2200 : 경모공원앞.헤이리6번게이트 [4175733],2200 : 경모공원앞.헤이리6번게이트 [4175733]
559,37.69650380282975,126.70455900791502,82.0,90.0,8.0,3100,3100,산남교차로,산남교차로,4111569,4111569,3100 : 산남교차로 [4111569],3100 : 산남교차로 [4111569]
619,37.80297904831105,126.79429277524157,1.0,4.0,3.0,9710,9710,월롱교,월롱교,4105834,4105834,9710 : 월롱교 [4105834],9710 : 월롱교 [4105834]
765,37.654835643667106,126.89772799912961,18.0,25.0,7.0,9709 | 9710,9709 | 9710,삼송역사거리(중),삼송역사거리(중),4126247,4126247,9709 : 삼송역사거리(중) [4126247] | 9710 : 삼송역사거리(중) [4126247],9709 : 삼송역사거리(중) [4126247] | 9710 : 삼송역사거리(중) [4126247]
1064,37.69916128595655,126.76691946453778,78.0,52.0,-26.0,1200,1200,탄현큰마을.동성아파트,탄현큰마을.동성아파트,4110936,4110936,1200 : 탄현큰마을.동성아파트 [4110936],1200 : 탄현큰마을.동성아파트 [4110936]
1115,37.71707942586449,126.74972367454812,111.0,56.0,-55.0,3400 | 7101,3400 | 7101,한빛마을1.2단지,한빛마을1.2단지,4102696,4102696,3400 : 한빛마을1.2단지 [4102696] | 7101 : 한빛마을1.2단지 [4102696],3400 : 한빛마을1.2단지 [4102696] | 7101 : 한빛마을1.2단지 [4102696]
1117,37.773425702453345,126.75199331593264,10.0,8.0,-2.0,9709,9709,대방아파트,대방아파트,4104800,4104800,9709 : 대방아파트 [4104800],9709 : 대방아파트 [4104800]
1118,37.71711539087875,126.75539640004189,179.0,138.0,-41.0,3400 | 7101,3400 | 7101,한빛마을5단지,한빛마을5단지,4105129,4105129,3400 : 한빛마을5단지 [4105129] | 7101 : 한빛마을5단지 [4105129],3400 : 한빛마을5단지 [4105129] | 7101 : 한빛마을5단지 [4105129]
1235,37.65448482910745,126.83254477091356,6.0,2.0,-4.0,9600,9600,어울림마을7단지,어울림마을7단지,4111416,4111416,9600 : 어울림마을7단지 [4111416],9600 : 어울림마을7단지 [4111416]
1278,37.67215844627378,126.7728548669146,132.0,167.0,35.0,M7412,M7412,일산국제컨벤션고교,일산국제컨벤션고교,4111061,4111061,M7412 : 일산국제컨벤션고교 [4111061],M7412 : 일산국제컨벤션고교 [4111061]
1295,37.6696354856855,126.73035845342984,93.0,70.0,-23.0,1000,1000,대화동,대화동,4111002,4111002,1000 : 대화동 [4111002],1000 : 대화동 [4111002]
1518,37.593895313443035,126.87839632651433,3.0,2.0,-1.0,1200,1200,덕은동(중),덕은동(중),4111383,4111383,1200 : 덕은동(중) [4111383],1200 : 덕은동(중) [4111383]
1538,37.685712277571106,126.77839326308082,91.0,31.0,-60.0,1200,1200,중산마을입구.쌍용아파트.실로암병원,중산마을입구.쌍용아파트.실로암병원,4110837,4110837,1200 : 중산마을입구.쌍용아파트.실로암병원 [4110837],1200 : 중산마을입구.쌍용아파트.실로암병원 [4110837]
1572,37.768564821255026,126.69811070762718,73.0,95.0,22.0,2200,2200,파주프리미엄아울렛후문,파주프리미엄아울렛후문,4104848,4104849,2200 : 파주프리미엄아울렛후문 [4104848],2200 : 파주프리미엄아울렛후문 [4104849]
1712,37.618449430342814,126.83569985424711,43.0,65.0,22.0,1082,1082,무원고교,무원고교,4111332,4111332,1082 : 무원고교 [4111332],1082 : 무원고교 [4111332]
1713,37.62746230138047,126.83561964443132,111.0,122.0,11.0,1082,1082,옥빛17단지.롯데마트고양점,옥빛17단지.롯데마트고양점,4111324,4111324,1082 : 옥빛17단지.롯데마트고양점 [4111324],1082 : 옥빛17단지.롯데마트고양점 [4111324]
1757,37.64518965160707,126.78445310105508,411.0,293.0,-118.0,1000 | 1500,1000 | 1500,알미공원.일산동구보건소(중),알미공원.일산동구보건소(중),4196168,4196168,1000 : 알미공원.일산동구보건소(중) [4196168] | 1500 : 알미공원.일산동구보건소(중) [4196168],1000 : 알미공원.일산동구보건소(중) [4196168] | 1500 : 알미공원.일산동구보건소(중) [4196168]
1962,37.661292250392286,126.84098711870323,4.0,18.0,14.0,9600,9600,성사고등학교,성사고등학교,4177973,4177973,9600 : 성사고등학교 [4177973],9600 : 성사고등학교 [4177973]
2268,37.681257674391624,126.78694196583531,9.0,6.0,-3.0,1900,1900,안곡중고교,안곡중고교,4177599,4177599,1900 : 안곡중고교 [4177599],1900 : 안곡중고교 [4177599]
2287,37.67192549378632,126.7360044406111,167.0,86.0,-81.0,1000,1000,송포파출소.송포농협,송포파출소.송포농협,4110906,4110906,1000 : 송포파출소.송포농협 [4110906],1000 : 송포파출소.송포농협 [4110906]
2295,37.700874457190665,126.68466089965716,6.0,22.0,16.0,2200,2200,북센정문,북센정문,4104046,4104046,2200 : 북센정문 [4104046],2200 : 북센정문 [4104046]
2477,37.61843344932719,126.83286719348985,130.0,98.0,-32.0,1082,1082,행신SK뷰아파트,행신SK뷰아파트,4111334,4111334,1082 : 행신SK뷰아파트 [4111334],1082 : 행신SK뷰아파트 [4111334]
2586,37.7103559585845,126.75546404282132,96.0,83.0,-13.0,1500 | G7426,1500 | G7426,한빛마을4.8단지,한빛마을4.8단지,4104779 | 4104780,4104779 | 4104780,1500 : 한빛마을4.8단지 [4104780] | G7426 : 한빛마을4.8단지 [4104779],1500 : 한빛마을4.8단지 [4104780] | G7426 : 한빛마을4.8단지 [4104779]
2716,37.64321879690409,126.83264558970606,73.0,76.0,3.0,1082 | 1900 | 9600,1082 | 1900 | 9600,명지병원.달빛마을3단지,명지병원.달빛마을3단지,4111313,4111313,1082 : 명지병원.달빛마을3단지 [4111313] | 1900 : 명지병원.달빛마을3단지 [4111313] | 9600 : 명지병원.달빛마을3단지 [4111313],1082 : 명지병원.달빛마을3단지 [4111313] | 1900 : 명지병원.달빛마을3단지 [4111313] | 9600 : 명지병원.달빛마을3단지 [4111313]
2718,37.64548800161028,126.83545911754373,99.0,67.0,-32.0,1082 | 1900 | 9600,1082 | 1900 | 9600,화정1동행정복지센터,화정1동행정복지센터,4111310,4111310,1082 : 화정1동행정복지센터 [4111310] | 1900 : 화정1동행정복지센터 [4111310] | 9600 : 화정1동행정복지센터 [4111310],1082 : 화정1동행정복지센터 [4111310] | 1900 : 화정1동행정복지센터 [4111310] | 9600 : 화정1동행정복지센터 [4111310]
3056,37.74169854498066,126.72393792106894,16.0,10.0,-6.0,9030,9030,다락골,다락골,4195661,4195661,9030 : 다락골 [4195661],9030 : 다락골 [4195661]
3227,37.68800000767202,126.7840419752074,109.0,95.0,-14.0,1200,1200,삼성아파트.중산마을8단지,삼성아파트.중산마을8단지,4110832,4110832,1200 : 삼성아파트.중산마을8단지 [4110832],1200 : 삼성아파트.중산마을8단지 [4110832]
3424,37.62071856372024,126.83851255361057,64.0,36.0,-28.0,1082,1082,샘터마을2단지,샘터마을2단지,4111328,4111328,1082 : 샘터마을2단지 [4111328],1082 : 샘터마을2단지 [4111328]
3658,37.66352958480167,126.83813282187171,35.0,13.0,-22.0,1082,1082,원릉역,원릉역,4111301,4111301,1082 : 원릉역 [4111301],1082 : 원릉역 [4111301]
3765,37.72374771297368,126.73547243605175,89.0,27.0,-62.0,M7154,M7154,산내마을9단지,산내마을9단지,4111473,4111473,M7154 : 산내마을9단지 [4111473],M7154 : 산내마을9단지 [4111473]
3926,37.67232980676579,126.8012016314688,24.0,7.0,-17.0,1900,1900,숲속마을7.8단지 | 숲속마을7.9단지,숲속마을7.8단지 | 숲속마을7.9단지,4196181 | 4196183,4196181 | 4196183,1900 : 숲속마을7.8단지 [4196181] | 1900 : 숲속마을7.9단지 [4196183],1900 : 숲속마을7.8단지 [4196181] | 1900 : 숲속마을7.9단지 [4196183]
4012,37.85927277907274,126.78807238486382,4.0,16.0,12.0,9710,9710,십자약국,십자약국,4115706,4115706,9710 : 십자약국 [4115706],9710 : 십자약국 [4115706]
4131,37.659007240163135,126.83533862846258,19.0,32.0,13.0,1082,1082,주교동.원릉방앗간,주교동.원릉방앗간,4178198,4178198,1082 : 주교동.원릉방앗간 [4178198],1082 : 주교동.원릉방앗간 [4178198]
4205,37.69461958257017,126.76129280689199,11.0,9.0,-2.0,1500,1500,철산아파트.탄현역앞.고양시현충공원,철산아파트.탄현역앞.고양시현충공원,4110866,4110866,1500 : 철산아파트.탄현역앞.고양시현충공원 [4110866],1500 : 철산아파트.탄현역앞.고양시현충공원 [4110866]
4261,37.73742935856722,126.76086761822519,252.0,192.0,-60.0,3400 | G7426 | G7625,3400 | G7426 | G7625,가람마을5단지,가람마을5단지,4105902,4105902,3400 : 가람마을5단지 [4105902] | G7426 : 가람마을5단지 [4105902] | G7625 : 가람마을5단지 [4105902],3400 : 가람마을5단지 [4105902] | G7426 : 가람마을5단지 [4105902] | G7625 : 가람마을5단지 [4105902]
4714,37.78660882679624,126.70075495206089,12.0,7.0,-5.0,2200,2200,경기미래교육캠퍼스,경기미래교육캠퍼스,4195647,4195647,2200 : 경기미래교육캠퍼스 [4195647],2200 : 경기미래교육캠퍼스 [4195647]
4934,37.67650470769052,126.74729746640817,1990.0,2262.0,272.0,1000 | 1500 | 9700 | M7731,1000 | 1500 | 9700 | M7731,대화역 | 대화역(중),대화역 | 대화역(중),4106836 | 4127137,4106836 | 4127137,1000 : 대화역(중) [4127137] | 1500 : 대화역(중) [4127137] | 9700 : 대화역(중) [4127137] | M7731 : 대화역 [4106836],1000 : 대화역(중) [4127137] | 1500 : 대화역(중) [4127137] | 9700 : 대화역(중) [4127137] | M7731 : 대화역 [4106836]
4985,37.72832702218337,126.7467732387605,411.0,144.0,-267.0,3100 | 9030 | M7111,3100 | 9030 | M7111,두레공원(중),두레공원(중),4104713,4104713,3100 : 두레공원(중) [4104713] | 9030 : 두레공원(중) [4104713] | M7111 : 두레공원(중) [4104713],3100 : 두레공원(중) [4104713] | 9030 : 두레공원(중) [4104713] | M7111 : 두레공원(중) [4104713]
5010,37.859255562126954,126.78523056140189,26.0,13.0,-13.0,9710,9710,북파주농협.구문산터미널,북파주농협.구문산터미널,4115660,4115660,9710 : 북파주농협.구문산터미널 [4115660],9710 : 북파주농협.구문산터미널 [4115660]
5162,37.66321510312149,126.7842801014925,197.0,93.0,-104.0,1200,1200,국립암센터,국립암센터,4110889,4110889,1200 : 국립암센터 [4110889],1200 : 국립암센터 [4110889]
5217,37.716988319338476,126.73554190528709,619.0,440.0,-179.0,3400 | 7101,3400 | 7101,산내마을10단지정문,산내마을10단지정문,4125043,4125043,3400 : 산내마을10단지정문 [4125043] | 7101 : 산내마을10단지정문 [4125043],3400 : 산내마을10단지정문 [4125043] | 7101 : 산내마을10단지정문 [4125043]
5631,37.62971551696054,126.83559958639266,51.0,54.0,3.0,1082,1082,화정2동행정복지센터,화정2동행정복지센터,4111322,4111322,1082 : 화정2동행정복지센터 [4111322],1082 : 화정2동행정복지센터 [4111322]
5703,37.78655074285418,126.69223801640696,95.0,65.0,-30.0,2200,2200,맛고을.국립민속박물관,맛고을.국립민속박물관,4151657,4151657,2200 : 맛고을.국립민속박물관 [4151657],2200 : 맛고을.국립민속박물관 [4151657]
5754,37.732923081226126,126.76091241732648,239.0,211.0,-28.0,3400 | 7101 | G7426 | G7625,3400 | 7101 | G7426 | G7625,가람마을3.4.6단지,가람마을3.4.6단지,4111454,4111454,3400 : 가람마을3.4.6단지 [4111454] | 7101 : 가람마을3.4.6단지 [4111454] | G7426 : 가람마을3.4.6단지 [4111454] | G7625 : 가람마을3.4.6단지 [4111454],3400 : 가람마을3.4.6단지 [4111454] | 7101 : 가람마을3.4.6단지 [4111454] | G7426 : 가람마을3.4.6단지 [4111454] | G7625 : 가람마을3.4.6단지 [4111454]
5964,37.73039546533123,126.71838181296424,17.0,10.0,-7.0,9030,9030,청석마을9단지,청석마을9단지,4196192,4196192,9030 : 청석마을9단지 [4196192],9030 : 청석마을9단지 [4196192]
6398,37.64749409649477,126.79293269137261,16.0,35.0,19.0,1200,1200,백석도서관.일산병원,백석도서관.일산병원,4111195,4111195,1200 : 백석도서관.일산병원 [4111195],1200 : 백석도서관.일산병원 [4111195]
6421,37.71441269187769,126.68734899045819,110.0,233.0,123.0,2200 | 9030-1,2200 | 9030-1,이채쇼핑몰,이채쇼핑몰,4105161,4105161,2200 : 이채쇼핑몰 [4105161] | 9030-1 : 이채쇼핑몰 [4105161],2200 : 이채쇼핑몰 [4105161] | 9030-1 : 이채쇼핑몰 [4105161]
6608,37.71766941053226,126.84899776463944,78.0,88.0,10.0,1082 | 9709 | 9710 | 9710-1,1082 | 9709 | 9710 | 9710-1,윗내유동.희망양로원,윗내유동.희망양로원,4115544,4115544,1082 : 윗내유동.희망양로원 [4115544] | 9709 : 윗내유동.희망양로원 [4115544] | 9710 : 윗내유동.희망양로원 [4115544] | 9710-1 : 윗내유동.희망양로원 [4115544],1082 : 윗내유동.희망양로원 [4115544] | 9709 : 윗내유동.희망양로원 [4115544] | 9710 : 윗내유동.희망양로원 [4115544] | 9710-1 : 윗내유동.희망양로원 [4115544]
6874,37.68120594298741,126.77843691862421,330.0,240.0,-90.0,1200 | M7412,1200 | M7412,산들대림아파트.롯데마트,산들대림아파트.롯데마트,4110839,4110839,1200 : 산들대림아파트.롯데마트 [4110839] | M7412 : 산들대림아파트.롯데마트 [4110839],1200 : 산들대림아파트.롯데마트 [4110839] | M7412 : 산들대림아파트.롯데마트 [4110839]
6952,37.741935632409195,126.76082280913931,9.0,24.0,15.0,G7426 | G7625,G7426 | G7625,별하람마을4.5단지,별하람마을4.5단지,4126250,4126250,G7426 : 별하람마을4.5단지 [4126250] | G7625 : 별하람마을4.5단지 [4126250],G7426 : 별하람마을4.5단지 [4126250] | G7625 : 별하람마을4.5단지 [4126250]
7106,37.728888023180865,126.84038854425042,39.0,56.0,17.0,9709 | 9710 | 9710-1,9709 | 9710 | 9710-1,장곡삼거리,장곡삼거리,4115900,4115900,9709 : 장곡삼거리 [4115900] | 9710 : 장곡삼거리 [4115900] | 9710-1 : 장곡삼거리 [4115900],9709 : 장곡삼거리 [4115900] | 9710 : 장곡삼거리 [4115900] | 9710-1 : 장곡삼거리 [4115900]
7368,37.6071190159186,126.82447114569028,3.0,5.0,2.0,1082,1082,맨돌,맨돌,4111229,4111229,1082 : 맨돌 [4111229],1082 : 맨돌 [4111229]
7369,37.64772521240146,126.8326052689275,39.0,22.0,-17.0,1082 | 1900 | 9600,1082 | 1900 | 9600,고양어울림누리.달빛마을1단지,고양어울림누리.달빛마을1단지,4111308,4111308,1082 : 고양어울림누리.달빛마을1단지 [4111308] | 1900 : 고양어울림누리.달빛마을1단지 [4111308] | 9600 : 고양어울림누리.달빛마을1단지 [4111308],1082 : 고양어울림누리.달빛마을1단지 [4111308] | 1900 : 고양어울림누리.달빛마을1단지 [4111308] | 9600 : 고양어울림누리.달빛마을1단지 [4111308]
7433,37.69910808921614,126.75841241031003,18.0,13.0,-5.0,1500,1500,일산가구공단,일산가구공단,4177484,4177484,1500 : 일산가구공단 [4177484],1500 : 일산가구공단 [4177484]
7480,37.728363138232446,126.75244681827299,93.0,129.0,36.0,3100 | 9030,3100 | 9030,해솔마을4단지,해솔마을4단지,4111469,4111469,3100 : 해솔마을4단지 [4111469] | 9030 : 해솔마을4단지 [4111469],3100 : 해솔마을4단지 [4111469] | 9030 : 해솔마을4단지 [4111469]
7608,37.7154318498318,126.85185383875896,11.0,17.0,6.0,1082 | 9709 | 9710,1082 | 9709 | 9710,내유초등학교,내유초등학교,4115542,4115542,1082 : 내유초등학교 [4115542] | 9709 : 내유초등학교 [4115542] | 9710 : 내유초등학교 [4115542],1082 : 내유초등학교 [4115542] | 9709 : 내유초등학교 [4115542] | 9710 : 내유초등학교 [4115542]
7697,37.723766075181764,126.73830904247204,231.0,98.0,-133.0,3100 | 9030 | G7625,3100 | 9030 | G7625,산내마을11단지,산내마을11단지,4195595,4195595,3100 : 산내마을11단지 [4195595] | 9030 : 산내마을11단지 [4195595] | G7625 : 산내마을11단지 [4195595],3100 : 산내마을11단지 [4195595] | 9030 : 산내마을11단지 [4195595] | G7625 : 산내마을11단지 [4195595]
7883,37.703614389920574,126.75836751438325,8.0,13.0,5.0,1500,1500,앵골.광성교회,앵골.광성교회,4177486,4177486,1500 : 앵골.광성교회 [4177486],1500 : 앵골.광성교회 [4177486]
8546,37.62965115894855,126.82426724695415,9.0,14.0,5.0,9600,9600,토당고가.별빛마을9단지,토당고가.별빛마을9단지,4111343,4111343,9600 : 토당고가.별빛마을9단지 [4111343],9600 : 토당고가.별빛마을9단지 [4111343]
8590,37.64522389049471,126.79012039871184,56.0,54.0,-2.0,1200,1200,백석역.고양종합터미널,백석역.고양종합터미널,4110912,4110912,1200 : 백석역.고양종합터미널 [4110912],1200 : 백석역.고양종합터미널 [4110912]
8635,37.77765392110642,126.70936792367091,4.0,11.0,7.0,2200,2200,시그네틱스,시그네틱스,4104929,4104929,2200 : 시그네틱스 [4104929],2200 : 시그네틱스 [4104929]
8689,37.75783051497436,126.78053138356148,9.0,21.0,12.0,9709,9709,교육지원청,교육지원청,4111498,4111498,9709 : 교육지원청 [4111498],9709 : 교육지원청 [4111498]
8805,37.620638312200526,126.82434883370372,4.0,3.0,-1.0,9600,9600,능곡중학교,능곡중학교,4111214,4111214,9600 : 능곡중학교 [4111214],9600 : 능곡중학교 [4111214]
8846,37.692489091829486,126.78116320362965,116.0,98.0,-18.0,1200,1200,중산6단지.중산초교.중산중학교,중산6단지.중산초교.중산중학교,4110830,4110830,1200 : 중산6단지.중산초교.중산중학교 [4110830],1200 : 중산6단지.중산초교.중산중학교 [4110830]
8868,37.667455774210254,126.74171956333082,1036.0,424.0,-612.0,M7731,M7731,킨텍스,킨텍스,4177532,4177532,M7731 : 킨텍스 [4177532],M7731 : 킨텍스 [4177532]
8938,37.7712970293859,126.7718850634807,5.0,12.0,7.0,9709,9709,독점말.대방노블랜드2차아파트,독점말.대방노블랜드2차아파트,4104904,4104904,9709 : 독점말.대방노블랜드2차아파트 [4104904],9709 : 독점말.대방노블랜드2차아파트 [4104904]
9284,37.656754035917594,126.83535871556917,1.0,2.0,1.0,9600,9600,원당연세병원,원당연세병원,4177969,4177969,9600 : 원당연세병원 [4177969],9600 : 원당연세병원 [4177969]
9285,37.65902317635135,126.83817283149251,3.0,3.0,0.0,9600,9600,세창짜임아파트,세창짜임아파트,4177971,4177971,9600 : 세창짜임아파트 [4177971],9600 : 세창짜임아파트 [4177971]
9342,37.68108285141793,126.75859189401278,236.0,343.0,107.0,M7731,M7731,성저마을14단지,성저마을14단지,4177637,4177637,M7731 : 성저마을14단지 [4177637],M7731 : 성저마을14단지 [4177637]
9400,37.71480820215605,126.74691012333562,77.0,29.0,-48.0,M7111,M7111,한빛마을1단지,한빛마을1단지,4104995,4104995,M7111 : 한빛마을1단지 [4104995],M7111 : 한빛마을1단지 [4104995]
9815,37.68101101427948,126.74725193470243,29.0,32.0,3.0,1500,1500,농수산물센터,농수산물센터,4110873,4110873,1500 : 농수산물센터 [4110873],1500 : 농수산물센터 [4110873]
9860,37.710320002282025,126.74979183254334,130.0,94.0,-36.0,1500 | G7426,1500 | G7426,한빛마을3.6단지,한빛마을3.6단지,4104781 | 4104782,4104781 | 4104782,1500 : 한빛마을3.6단지 [4104782] | G7426 : 한빛마을3.6단지 [4104781],1500 : 한빛마을3.6단지 [4104782] | G7426 : 한빛마을3.6단지 [4104781]
9893,37.84577127541418,126.79104368265092,3.0,9.0,6.0,9710,9710,봉서2리.붉은밭,봉서2리.붉은밭,4104829,4104829,9710 : 봉서2리.붉은밭 [4104829],9710 : 봉서2리.붉은밭 [4104829]
10047,37.69690812999624,126.76694165133975,56.0,27.0,-29.0,1200,1200,탄현마을5.6단지,탄현마을5.6단지,4110818,4110818,1200 : 탄현마을5.6단지 [4110818],1200 : 탄현마을5.6단지 [4110818]
10091,37.72158570387802,126.74967822322631,106.0,92.0,-14.0,M7111,M7111,해솔마을6.7단지,해솔마을6.7단지,4105064,4105064,M7111 : 해솔마을6.7단지 [4105064],M7111 : 해솔마을6.7단지 [4105064]
10101,37.753271958370114,126.77206174520995,19.0,5.0,-14.0,7101,7101,후곡마을4단지,후곡마을4단지,4105808,4105808,7101 : 후곡마을4단지 [4105808],7101 : 후곡마을4단지 [4105808]
10111,37.85474935382665,126.78527407425783,5.0,6.0,1.0,9710,9710,한진1차.문산역,한진1차.문산역,4115662,4115662,9710 : 한진1차.문산역 [4115662],9710 : 한진1차.문산역 [4115662]
10121,37.744464746989024,126.80619913914222,76.0,88.0,12.0,9709 | 9710 | 9710-1,9709 | 9710 | 9710-1,봉일천시장,봉일천시장,4111554,4111554,9709 : 봉일천시장 [4111554] | 9710 : 봉일천시장 [4111554] | 9710-1 : 봉일천시장 [4111554],9709 : 봉일천시장 [4111554] | 9710 : 봉일천시장 [4111554] | 9710-1 : 봉일천시장 [4111554]
10274,37.66983483112512,126.76153855768081,1102.0,806.0,-296.0,1000 | 1100 | 1500 | 9700,1000 | 1100 | 1500 | 9700,주엽역(중),주엽역(중),4106852,4106852,1000 : 주엽역(중) [4106852] | 1100 : 주엽역(중) [4106852] | 1500 : 주엽역(중) [4106852] | 9700 : 주엽역(중) [4106852],1000 : 주엽역(중) [4106852] | 1100 : 주엽역(중) [4106852] | 1500 : 주엽역(중) [4106852] | 9700 : 주엽역(중) [4106852]
10336,37.74191780464687,126.75798549480825,63.0,69.0,6.0,G7426 | G7625,G7426 | G7625,별하람마을1단지,별하람마을1단지,4126747,4126747,G7426 : 별하람마을1단지 [4126747] | G7625 : 별하람마을1단지 [4126747],G7426 : 별하람마을1단지 [4126747] | G7625 : 별하람마을1단지 [4126747]
10471,37.60037553053271,126.82736424157491,16.0,17.0,1.0,1082,1082,행주산성입구.행주내동,행주산성입구.행주내동,4111230,4111230,1082 : 행주산성입구.행주내동 [4111230],1082 : 행주산성입구.행주내동 [4111230]
10528,37.725889227061415,126.71842917499697,146.0,77.0,-69.0,9030 | 9030-1 | M7154,9030 | 9030-1 | M7154,숲속길마을7단지,숲속길마을7단지,4195589,4195589,9030 : 숲속길마을7단지 [4195589] | 9030-1 : 숲속길마을7단지 [4195589] | M7154 : 숲속길마을7단지 [4195589],9030 : 숲속길마을7단지 [4195589] | 9030-1 : 숲속길마을7단지 [4195589] | M7154 : 숲속길마을7단지 [4195589]
10574,37.79620261526006,126.79151767288731,22.0,4.0,-18.0,9710,9710,월롱역,월롱역,4175984,4175984,9710 : 월롱역 [4175984],9710 : 월롱역 [4175984]
10682,37.616259449439134,126.84705022451178,25.0,17.0,-8.0,9700,9700,서정마을입구,서정마을입구,4178031,4178031,9700 : 서정마을입구 [4178031],9700 : 서정마을입구 [4178031]
10778,37.71030192181316,126.74695573119585,1123.0,982.0,-141.0,3100 | 9030 | G7426 | G7625 | M7111 | M7154,3100 | 9030 | G7426 | G7625 | M7111 | M7154,새암공원,새암공원,4104784,4104784,3100 : 새암공원 [4104784] | 9030 : 새암공원 [4104784] | G7426 : 새암공원 [4104784] | G7625 : 새암공원 [4104784] | M7111 : 새암공원 [4104784] | M7154 : 새암공원 [4104784],3100 : 새암공원 [4104784] | 9030 : 새암공원 [4104784] | G7426 : 새암공원 [4104784] | G7625 : 새암공원 [4104784] | M7111 : 새암공원 [4104784] | M7154 : 새암공원 [4104784]
10804,37.75335874204886,126.78625055358988,3.0,2.0,-1.0,9709,9709,파주스타디움,파주스타디움,4115843,4115843,9709 : 파주스타디움 [4115843],9709 : 파주스타디움 [4115843]
10925,37.6162906610378,126.85271539941547,63.0,107.0,44.0,1000 | 1200 | 1900,1000 | 1200 | 1900,서정마을(중),서정마을(중),4178115,4178115,1000 : 서정마을(중) [4178115] | 1200 : 서정마을(중) [4178115] | 1900 : 서정마을(중) [4178115],1000 : 서정마을(중) [4178115] | 1200 : 서정마을(중) [4178115] | 1900 : 서정마을(중) [4178115]
10997,37.78888113955798,126.70356975408005,18.0,9.0,-9.0,2200,2200,민들레병원,민들레병원,4105158,4105158,2200 : 민들레병원 [4105158],2200 : 민들레병원 [4105158]
11178,37.67485869018787,126.84937199209084,3.0,3.0,0.0,1082,1082,왕릉골,왕릉골,4111295,4111295,1082 : 왕릉골 [4111295],1082 : 왕릉골 [4111295]
11239,37.67205236022765,126.75584692514391,593.0,352.0,-241.0,1000 | 1500 | 9700,1000 | 1500 | 9700,문촌마을(중),문촌마을(중),4106851,4106851,1000 : 문촌마을(중) [4106851] | 1500 : 문촌마을(중) [4106851] | 9700 : 문촌마을(중) [4106851],1000 : 문촌마을(중) [4106851] | 1500 : 문촌마을(중) [4106851] | 9700 : 문촌마을(중) [4106851]
11251,37.707653365856544,126.68742280735927,241.0,178.0,-63.0,2200 | 9030-1,2200 | 9030-1,은석교사거리,은석교사거리,4105162,4105162,2200 : 은석교사거리 [4105162] | 9030-1 : 은석교사거리 [4105162],2200 : 은석교사거리 [4105162] | 9030-1 : 은석교사거리 [4105162]
11481,37.65198344966401,126.79005605551757,106.0,92.0,-14.0,1200,1200,백송마을1.2단지,백송마을1.2단지,4111194,4111194,1200 : 백송마을1.2단지 [4111194],1200 : 백송마을1.2단지 [4111194]
11506,37.69238415567052,126.76415058768389,71.0,80.0,9.0,M7731,M7731,경남아너스빌.탄현역,경남아너스빌.탄현역,4107446,4107446,M7731 : 경남아너스빌.탄현역 [4107446],M7731 : 경남아너스빌.탄현역 [4107446]
11521,37.78882325613204,126.6950525517449,43.0,64.0,21.0,2200,2200,헤이리1번게이트,헤이리1번게이트,4105154,4105154,2200 : 헤이리1번게이트 [4105154],2200 : 헤이리1번게이트 [4105154]
11524,37.71674345984174,126.6986696100067,53.0,35.0,-18.0,2200,2200,출판단지삼거리,출판단지삼거리,4104776,4104776,2200 : 출판단지삼거리 [4104776],2200 : 출판단지삼거리 [4104776]
11550,37.732760225564164,126.73537977427597,711.0,201.0,-510.0,3100 | 9030 | 9030-1 | M7111,3100 | 9030 | 9030-1 | M7111,산내마을6.8단지,산내마을6.8단지,4111456 | 4111457,4111456 | 4111457,3100 : 산내마을6.8단지 [4111456] | 9030 : 산내마을6.8단지 [4111456] | 9030-1 : 산내마을6.8단지 [4111457] | M7111 : 산내마을6.8단지 [4111456],3100 : 산내마을6.8단지 [4111456] | 9030 : 산내마을6.8단지 [4111456] | 9030-1 : 산내마을6.8단지 [4111457] | M7111 : 산내마을6.8단지 [4111456]
11696,37.63193668611023,126.82991318084541,110.0,107.0,-3.0,1082 | 1900 | 9600,1082 | 1900 | 9600,별빛마을8단지.롯데마트,별빛마을8단지.롯데마트,4111210,4111210,1082 : 별빛마을8단지.롯데마트 [4111210] | 1900 : 별빛마을8단지.롯데마트 [4111210] | 9600 : 별빛마을8단지.롯데마트 [4111210],1082 : 별빛마을8단지.롯데마트 [4111210] | 1900 : 별빛마을8단지.롯데마트 [4111210] | 9600 : 별빛마을8단지.롯데마트 [4111210]
11811,37.7238207523413,126.74681887712033,247.0,218.0,-29.0,3100 | 9030 | G7625,3100 | 9030 | G7625,해솔마을2.5단지,해솔마을2.5단지,4104804,4104804,3100 : 해솔마을2.5단지 [4104804] | 9030 : 해솔마을2.5단지 [4104804] | G7625 : 해솔마을2.5단지 [4104804],3100 : 해솔마을2.5단지 [4104804] | 9030 : 해솔마을2.5단지 [4104804] | G7625 : 해솔마을2.5단지 [4104804]
12018,37.694654973161654,126.76696383567001,41.0,37.0,-4.0,1200,1200,탄현2단지.삼익아파트,탄현2단지.삼익아파트,4110822,4110822,1200 : 탄현2단지.삼익아파트 [4110822],1200 : 탄현2단지.삼익아파트 [4110822]
12253,37.674429058684254,126.77566762997371,172.0,131.0,-41.0,1200,1200,밤가시마을,밤가시마을,4110891,4110891,1200 : 밤가시마을 [4110891],1200 : 밤가시마을 [4110891]
12334,37.75323676667226,126.76638623901005,12.0,14.0,2.0,7101,7101,금화초교.3단지,금화초교.3단지,4104922,4104922,7101 : 금화초교.3단지 [4104922],7101 : 금화초교.3단지 [4104922]
12461,37.61848118839965,126.84136518245137,595.0,666.0,71.0,1000 | 1082 | 1200 | 9700,1000 | 1082 | 1200 | 9700,가라뫼.한전앞 | 행신동(중),가라뫼.한전앞 | 행신동(중),4111330 | 4196171,4111330 | 4196171,1000 : 행신동(중) [4196171] | 1082 : 가라뫼.한전앞 [4111330] | 1200 : 행신동(중) [4196171] | 9700 : 행신동(중) [4196171],1000 : 행신동(중) [4196171] | 1082 : 가라뫼.한전앞 [4111330] | 1200 : 행신동(중) [4196171] | 9700 : 행신동(중) [4196171]
12464,37.61851267448948,126.84703051951186,277.0,395.0,118.0,1000 | 1200,1000 | 1200,소만마을(중),소만마을(중),4111372,4111372,1000 : 소만마을(중) [4111372] | 1200 : 소만마을(중) [4111372],1000 : 소만마을(중) [4111372] | 1200 : 소만마을(중) [4111372]
12556,37.73272328448807,126.72970588175147,65.0,85.0,20.0,3100 | 9030,3100 | 9030,해오름중심상가.산내마을1.2단지,해오름중심상가.산내마을1.2단지,4105844,4105844,3100 : 해오름중심상가.산내마을1.2단지 [4105844] | 9030 : 해오름중심상가.산내마을1.2단지 [4105844],3100 : 해오름중심상가.산내마을1.2단지 [4105844] | 9030 : 해오름중심상가.산내마을1.2단지 [4105844]
12725,37.62969952948547,126.8327664981576,56.0,65.0,9.0,1082,1082,근린공원,근린공원,4111319,4111319,1082 : 근린공원 [4111319],1082 : 근린공원 [4111319]
12765,37.66298576693129,126.74743400067258,882.0,945.0,63.0,6701 | M7731,6701 | M7731,킨텍스역.더샵그라비스타.힐스테이트일산,킨텍스역.더샵그라비스타.힐스테이트일산,4177448,4177448,6701 : 킨텍스역.더샵그라비스타.힐스테이트일산 [4177448] | M7731 : 킨텍스역.더샵그라비스타.힐스테이트일산 [4177448],6701 : 킨텍스역.더샵그라비스타.힐스테이트일산 [4177448] | M7731 : 킨텍스역.더샵그라비스타.힐스테이트일산 [4177448]
12816,37.77085640909052,126.70376313427468,31.0,42.0,11.0,2200,2200,효자그린빌.이주단지,효자그린빌.이주단지,4104939,4105040,2200 : 효자그린빌.이주단지 [4104939],2200 : 효자그린빌.이주단지 [4105040]
12856,37.712626980834216,126.75827769251187,125.0,76.0,-49.0,G7426,G7426,야당역.한빛마을5.9단지,야당역.한빛마을5.9단지,4104992,4104992,G7426 : 야당역.한빛마을5.9단지 [4104992],G7426 : 야당역.한빛마을5.9단지 [4104992]
12984,37.62739794856962,126.82428764704963,25.0,10.0,-15.0,9600,9600,능곡병원,능곡병원,4111213,4111213,9600 : 능곡병원 [4111213],9600 : 능곡병원 [4111213]
12985,37.618401283322335,126.8272018787127,10.0,5.0,-5.0,1082,1082,토당초등학교.우창프라자,토당초등학교.우창프라자,4111338,4111338,1082 : 토당초등학교.우창프라자 [4111338],1082 : 토당초등학교.우창프라자 [4111338]
13084,37.71475354265406,126.7384013193933,320.0,235.0,-85.0,3100 | 9030 | G7625 | M7154,3100 | 9030 | G7625 | M7154,한울마을2단지,한울마을2단지,4104705,4104705,3100 : 한울마을2단지 [4104705] | 9030 : 한울마을2단지 [4104705] | G7625 : 한울마을2단지 [4104705] | M7154 : 한울마을2단지 [4104705],3100 : 한울마을2단지 [4104705] | 9030 : 한울마을2단지 [4104705] | G7625 : 한울마을2단지 [4104705] | M7154 : 한울마을2단지 [4104705]
13238,37.636443107731495,126.82987271144182,101.0,77.0,-24.0,1082 | 1900 | 9600,1082 | 1900 | 9600,화정역.덕양구청,화정역.덕양구청,4111317,4111317,1082 : 화정역.덕양구청 [4111317] | 1900 : 화정역.덕양구청 [4111317] | 9600 : 화정역.덕양구청 [4111317],1082 : 화정역.덕양구청 [4111317] | 1900 : 화정역.덕양구청 [4111317] | 9600 : 화정역.덕양구청 [4111317]
13276,37.68796544355217,126.77837143166117,298.0,233.0,-65.0,1200 | M7412,1200 | M7412,중산마을10단지.동신아파트,중산마을10단지.동신아파트,4110835,4110835,1200 : 중산마을10단지.동신아파트 [4110835] | M7412 : 중산마을10단지.동신아파트 [4110835],1200 : 중산마을10단지.동신아파트 [4110835] | M7412 : 중산마을10단지.동신아파트 [4110835]
13315,37.723522043516695,126.70143336302569,495.0,298.0,-197.0,2200 | 9030-1,2200 | 9030-1,문발동.아랫말,문발동.아랫말,4104959,4104959,2200 : 문발동.아랫말 [4104959] | 9030-1 : 문발동.아랫말 [4104959],2200 : 문발동.아랫말 [4104959] | 9030-1 : 문발동.아랫말 [4104959]
13318,37.7753433802019,126.70087625217128,134.0,63.0,-71.0,2200,2200,유승앙브와즈2단지,유승앙브와즈2단지,4104935,4175759,2200 : 유승앙브와즈2단지 [4104935],2200 : 유승앙브와즈2단지 [4175759]
13487,37.72439749981077,126.84326520665991,99.0,94.0,-5.0,1082 | 9709 | 9710,1082 | 9709 | 9710,내유동,내유동,4115546,4115546,1082 : 내유동 [4115546] | 9709 : 내유동 [4115546] | 9710 : 내유동 [4115546],1082 : 내유동 [4115546] | 9709 : 내유동 [4115546] | 9710 : 내유동 [4115546]
13602,37.719278101678526,126.74119162326173,135.0,34.0,-101.0,3400 | 7101,3400 | 7101,운정라피아노,운정라피아노,4124545,4124545,3400 : 운정라피아노 [4124545] | 7101 : 운정라피아노 [4124545],3400 : 운정라피아노 [4124545] | 7101 : 운정라피아노 [4124545]
13631,37.77133197036757,126.77756195676139,33.0,23.0,-10.0,7101 | 9709,7101 | 9709,팜스프링아파트,팜스프링아파트,4104905,4104905,7101 : 팜스프링아파트 [4104905] | 9709 : 팜스프링아파트 [4104905],7101 : 팜스프링아파트 [4104905] | 9709 : 팜스프링아파트 [4104905]
13793,37.66761702295993,126.76722985494418,892.0,737.0,-155.0,1000 | 1100 | 1500 | 9700,1000 | 1100 | 1500 | 9700,강선마을(중),강선마을(중),4110807,4110807,1000 : 강선마을(중) [4110807] | 1100 : 강선마을(중) [4110807] | 1500 : 강선마을(중) [4110807] | 9700 : 강선마을(중) [4110807],1000 : 강선마을(중) [4110807] | 1100 : 강선마을(중) [4110807] | 1500 : 강선마을(중) [4110807] | 9700 : 강선마을(중) [4110807]
13997,37.622955867605086,126.83565975380645,89.0,57.0,-32.0,1082,1082,행신초등학교.더자인병원,행신초등학교.더자인병원,4111326,4111326,1082 : 행신초등학교.더자인병원 [4111326],1082 : 행신초등학교.더자인병원 [4111326]
14004,37.69291545612664,126.85488552101629,1.0,7.0,6.0,1082,1082,벽제교삼거리,벽제교삼거리,4111453,4111453,1082 : 벽제교삼거리 [4111453],1082 : 벽제교삼거리 [4111453]
14062,37.687842322150786,126.75852460636989,21.0,53.0,32.0,1500 | M7731,1500 | M7731,서울도시가스,서울도시가스,4110868,4110868,1500 : 서울도시가스 [4110868] | M7731 : 서울도시가스 [4110868],1500 : 서울도시가스 [4110868] | M7731 : 서울도시가스 [4110868]
14103,37.72151294336283,126.73833211555802,289.0,204.0,-85.0,3100 | 9030 | G7625 | M7154,3100 | 9030 | G7625 | M7154,운정고등학교,운정고등학교,4104737,4104737,3100 : 운정고등학교 [4104737] | 9030 : 운정고등학교 [4104737] | G7625 : 운정고등학교 [4104737] | M7154 : 운정고등학교 [4104737],3100 : 운정고등학교 [4104737] | 9030 : 운정고등학교 [4104737] | G7625 : 운정고등학교 [4104737] | M7154 : 운정고등학교 [4104737]
14148,37.751207474899495,126.80329833088545,4.0,5.0,1.0,9710,9710,등원2리,등원2리,4115890,4115890,9710 : 등원2리 [4115890],9710 : 등원2리 [4115890]
14284,37.68140918889111,126.81245723619068,12.0,1.0,-11.0,9600,9600,위시티3.4단지,위시티3.4단지,4177488,4177488,9600 : 위시티3.4단지 [4177488],9600 : 위시티3.4단지 [4177488]
14394,37.735567315843625,126.82614298581375,21.0,18.0,-3.0,9709 | 9710 | 9710-1,9709 | 9710 | 9710-1,송촌토파즈아파트,송촌토파즈아파트,4105155,4105155,9709 : 송촌토파즈아파트 [4105155] | 9710 : 송촌토파즈아파트 [4105155] | 9710-1 : 송촌토파즈아파트 [4105155],9709 : 송촌토파즈아파트 [4105155] | 9710 : 송촌토파즈아파트 [4105155] | 9710-1 : 송촌토파즈아파트 [4105155]
14783,37.67428759919729,126.75298968878072,79.0,62.0,-17.0,1500 | 9700,1500 | 9700,백병원(중),백병원(중),4106840,4106840,1500 : 백병원(중) [4106840] | 9700 : 백병원(중) [4106840],1500 : 백병원(중) [4106840] | 9700 : 백병원(중) [4106840]
14787,37.69241940706636,126.76982144984491,28.0,35.0,7.0,1200,1200,현산초교,현산초교,4110824,4110824,1200 : 현산초교 [4110824],1200 : 현산초교 [4110824]
14839,37.72385686255858,126.75249211294634,87.0,71.0,-16.0,G7625,G7625,운정행복센터.운정합동주민센터,운정행복센터.운정합동주민센터,4104788,4104788,G7625 : 운정행복센터.운정합동주민센터 [4104788],G7625 : 운정행복센터.운정합동주민센터 [4104788]
15419,37.61841740032031,126.83003453497521,70.0,46.0,-24.0,1082,1082,행신동삼거리,행신동삼거리,4111336,4111336,1082 : 행신동삼거리 [4111336],1082 : 행신동삼거리 [4111336]
15474,37.69914362189476,126.76408377731043,69.0,105.0,36.0,M7731,M7731,탄현큰마을.쌍용아파트,탄현큰마을.쌍용아파트,4110935,4110935,M7731 : 탄현큰마을.쌍용아파트 [4110935],M7731 : 탄현큰마을.쌍용아파트 [4110935]
