셀 ID,중심점 위도,중심점 경도,2024년 정류장 ID,2025년 정류장 ID,2024년 07~09시 승차인원,2025년 07~09시 승차인원,07~09시 승차인원 증감,07~09시 승차인원 변화율(%),감소 여부,2024년 종일 승차인원,2025년 종일 승차인원,종일 승차인원 증감
44,37.65648981807742,126.79001314810708,4110851,4110851,70.0,35.0,-35.0,-50.0,1,269,164,-105
76,37.79109570326217,126.69786725945112,4175733,4175733,0.0,2.0,2.0,,0,17,35,18
559,37.69650380282975,126.70455900791502,4111569,4111569,11.0,21.0,10.0,90.9090909090909,0,82,90,8
619,37.80297904831105,126.79429277524156,4105834,4105834,1.0,0.0,-1.0,-100.0,1,1,4,3
765,37.65483564366711,126.8977279991296,4126247,4126247,12.0,13.0,1.0,8.333333333333332,0,18,25,7
1064,37.69916128595655,126.76691946453778,4110936,4110936,31.0,22.0,-9.0,-29.03225806451613,1,78,52,-26
1115,37.71707942586449,126.74972367454812,4102696,4102696,53.0,32.0,-21.0,-39.62264150943396,1,111,56,-55
1117,37.77342570245335,126.75199331593264,4104800,4104800,4.0,4.0,0.0,0.0,0,10,8,-2
1118,37.71711539087875,126.75539640004187,4105129,4105129,104.0,56.0,-48.0,-46.15384615384615,1,179,138,-41
1235,37.65448482910745,126.83254477091356,4111416,4111416,3.0,2.0,-1.0,-33.33333333333333,1,6,2,-4
1278,37.67215844627378,126.7728548669146,4111061,4111061,19.0,50.0,31.0,163.1578947368421,0,132,167,35
1295,37.6696354856855,126.73035845342984,4111002,4111002,17.0,27.0,10.0,58.82352941176471,0,93,70,-23
1518,37.59389531344304,126.87839632651432,4111383,4111383,3.0,1.0,-2.0,-66.66666666666666,1,3,2,-1
1538,37.68571227757111,126.77839326308082,4110837,4110837,34.0,2.0,-32.0,-94.11764705882352,1,91,31,-60
1572,37.76856482125503,126.69811070762718,4104848,4104849,8.0,4.0,-4.0,-50.0,1,73,95,22
1712,37.618449430342814,126.83569985424712,4111332,4111332,13.0,34.0,21.0,161.53846153846155,0,43,65,22
1713,37.62746230138047,126.83561964443132,4111324,4111324,41.0,53.0,12.0,29.268292682926827,0,111,122,11
1757,37.64518965160707,126.78445310105508,4196168,4196168,165.0,134.0,-31.0,-18.787878787878785,1,411,293,-118
1962,37.661292250392286,126.84098711870324,4177973,4177973,0.0,3.0,3.0,,0,4,18,14
2268,37.68125767439162,126.78694196583533,4177599,4177599,9.0,6.0,-3.0,-33.33333333333333,1,9,6,-3
2287,37.67192549378632,126.7360044406111,4110906,4110906,72.0,34.0,-38.0,-52.77777777777778,1,167,86,-81
2295,37.700874457190665,126.68466089965716,4104046,4104046,0.0,3.0,3.0,,0,6,22,16
2477,37.61843344932719,126.83286719348985,4111334,4111334,21.0,38.0,17.0,80.95238095238095,0,130,98,-32
2586,37.7103559585845,126.75546404282132,4104779 | 4104780,4104779 | 4104780,31.0,23.0,-8.0,-25.806451612903224,1,96,83,-13
2716,37.64321879690409,126.83264558970606,4111313,4111313,23.0,28.0,5.0,21.73913043478261,0,73,76,3
2718,37.64548800161028,126.83545911754372,4111310,4111310,31.0,17.0,-14.0,-45.16129032258064,1,99,67,-32
3056,37.74169854498066,126.72393792106894,4195661,4195661,9.0,0.0,-9.0,-100.0,1,16,10,-6
3227,37.68800000767202,126.7840419752074,4110832,4110832,58.0,34.0,-24.0,-41.37931034482759,1,109,95,-14
3424,37.62071856372024,126.83851255361056,4111328,4111328,25.0,20.0,-5.0,-20.0,1,64,36,-28
3658,37.66352958480167,126.83813282187172,4111301,4111301,13.0,10.0,-3.0,-23.076923076923077,1,35,13,-22
3765,37.72374771297368,126.73547243605177,4111473,4111473,27.0,13.0,-14.0,-51.85185185185185,1,89,27,-62
3926,37.67232980676579,126.8012016314688,4196181 | 4196183,4196181 | 4196183,17.0,1.0,-16.0,-94.11764705882352,1,24,7,-17
4012,37.85927277907274,126.78807238486382,4115706,4115706,1.0,3.0,2.0,200.0,0,4,16,12
4131,37.659007240163135,126.83533862846258,4178198,4178198,11.0,13.0,2.0,18.181818181818183,0,19,32,13
4205,37.69461958257017,126.761292806892,4110866,4110866,2.0,1.0,-1.0,-50.0,1,11,9,-2
4261,37.73742935856722,126.7608676182252,4105902,4105902,119.0,58.0,-61.0,-51.26050420168067,1,252,192,-60
4714,37.78660882679624,126.70075495206088,4195647,4195647,0.0,0.0,0.0,,0,12,7,-5
4934,37.67650470769052,126.74729746640816,4106836 | 4127137,4106836 | 4127137,487.0,435.0,-52.0,-10.677618069815194,1,1990,2262,272
4985,37.72832702218337,126.7467732387605,4104713,4104713,150.0,44.0,-106.0,-70.66666666666667,1,411,144,-267
5010,37.85925556212696,126.78523056140187,4115660,4115660,5.0,6.0,1.0,20.0,0,26,13,-13
5162,37.66321510312149,126.7842801014925,4110889,4110889,34.0,16.0,-18.0,-52.94117647058824,1,197,93,-104
5217,37.71698831933848,126.73554190528708,4125043,4125043,258.0,161.0,-97.0,-37.5968992248062,1,619,440,-179
5631,37.62971551696054,126.83559958639266,4111322,4111322,22.0,25.0,3.0,13.636363636363635,0,51,54,3
5703,37.78655074285418,126.69223801640696,4151657,4151657,14.0,8.0,-6.0,-42.857142857142854,1,95,65,-30
5754,37.732923081226126,126.76091241732648,4111454,4111454,76.0,61.0,-15.0,-19.736842105263158,1,239,211,-28
5964,37.73039546533123,126.71838181296424,4196192,4196192,8.0,2.0,-6.0,-75.0,1,17,10,-7
6398,37.64749409649477,126.7929326913726,4111195,4111195,7.0,17.0,10.0,142.85714285714286,0,16,35,19
6421,37.71441269187769,126.6873489904582,4105161,4105161,14.0,31.0,17.0,121.42857142857142,0,110,233,123
6608,37.71766941053226,126.84899776463944,4115544,4115544,43.0,27.0,-16.0,-37.2093023255814,1,78,88,10
6874,37.68120594298741,126.7784369186242,4110839,4110839,94.0,68.0,-26.0,-27.659574468085108,1,330,240,-90
6952,37.7419356324092,126.76082280913931,4126250,4126250,0.0,4.0,4.0,,0,9,24,15
7106,37.72888802318087,126.84038854425042,4115900,4115900,13.0,28.0,15.0,115.38461538461537,0,39,56,17
7368,37.6071190159186,126.82447114569028,4111229,4111229,0.0,0.0,0.0,,0,3,5,2
7369,37.64772521240146,126.8326052689275,4111308,4111308,16.0,12.0,-4.0,-25.0,1,39,22,-17
7433,37.69910808921614,126.75841241031004,4177484,4177484,5.0,0.0,-5.0,-100.0,1,18,13,-5
7480,37.728363138232446,126.752446818273,4111469,4111469,44.0,31.0,-13.0,-29.545454545454547,1,93,129,36
7608,37.7154318498318,126.85185383875896,4115542,4115542,4.0,4.0,0.0,0.0,0,11,17,6
7697,37.72376607518176,126.73830904247204,4195595,4195595,66.0,30.0,-36.0,-54.54545454545454,1,231,98,-133
7883,37.703614389920574,126.75836751438324,4177486,4177486,0.0,5.0,5.0,,0,8,13,5
8546,37.62965115894855,126.82426724695416,4111343,4111343,1.0,4.0,3.0,300.0,0,9,14,5
8590,37.64522389049471,126.79012039871184,4110912,4110912,16.0,7.0,-9.0,-56.25,1,56,54,-2
8635,37.77765392110642,126.70936792367092,4104929,4104929,0.0,0.0,0.0,,0,4,11,7
8689,37.75783051497436,126.78053138356148,4111498,4111498,4.0,6.0,2.0,50.0,0,9,21,12
8805,37.620638312200526,126.82434883370372,4111214,4111214,0.0,0.0,0.0,,0,4,3,-1
8846,37.692489091829486,126.78116320362965,4110830,4110830,58.0,47.0,-11.0,-18.96551724137931,1,116,98,-18
8868,37.667455774210254,126.74171956333082,4177532,4177532,51.0,41.0,-10.0,-19.607843137254903,1,1036,424,-612
8938,37.7712970293859,126.7718850634807,4104904,4104904,1.0,2.0,1.0,100.0,0,5,12,7
9284,37.6567540359176,126.83535871556916,4177969,4177969,1.0,0.0,-1.0,-100.0,1,1,2,1
9285,37.65902317635135,126.83817283149251,4177971,4177971,0.0,0.0,0.0,,0,3,3,0
9342,37.68108285141793,126.75859189401278,4177637,4177637,53.0,123.0,70.0,132.0754716981132,0,236,343,107
9400,37.71480820215605,126.74691012333562,4104995,4104995,39.0,11.0,-28.0,-71.7948717948718,1,77,29,-48
9815,37.68101101427948,126.74725193470243,4110873,4110873,11.0,8.0,-3.0,-27.27272727272727,1,29,32,3
9860,37.710320002282025,126.74979183254334,4104781 | 4104782,4104781 | 4104782,34.0,44.0,10.0,29.411764705882355,0,130,94,-36
9893,37.84577127541418,126.79104368265092,4104829,4104829,3.0,3.0,0.0,0.0,0,3,9,6
10047,37.69690812999624,126.76694165133976,4110818,4110818,36.0,18.0,-18.0,-50.0,1,56,27,-29
10091,37.72158570387802,126.74967822322633,4105064,4105064,46.0,44.0,-2.0,-4.3478260869565215,1,106,92,-14
10101,37.753271958370114,126.77206174520995,4105808,4105808,11.0,0.0,-11.0,-100.0,1,19,5,-14
10111,37.85474935382665,126.78527407425784,4115662,4115662,0.0,0.0,0.0,,0,5,6,1
10121,37.744464746989024,126.80619913914222,4111554,4111554,31.0,43.0,12.0,38.70967741935484,0,76,88,12
10274,37.66983483112512,126.7615385576808,4106852,4106852,301.0,185.0,-116.0,-38.53820598006645,1,1102,806,-296
10336,37.74191780464687,126.75798549480824,4126747,4126747,21.0,11.0,-10.0,-47.61904761904761,1,63,69,6
10471,37.60037553053271,126.82736424157493,4111230,4111230,2.0,0.0,-2.0,-100.0,1,16,17,1
10528,37.725889227061415,126.71842917499696,4195589,4195589,36.0,24.0,-12.0,-33.33333333333333,1,146,77,-69
10574,37.79620261526006,126.79151767288732,4175984,4175984,4.0,0.0,-4.0,-100.0,1,22,4,-18
10682,37.616259449439134,126.84705022451178,4178031,4178031,18.0,16.0,-2.0,-11.11111111111111,1,25,17,-8
10778,37.71030192181316,126.74695573119584,4104784,4104784,339.0,301.0,-38.0,-11.209439528023598,1,1123,982,-141
10804,37.75335874204886,126.78625055358988,4115843,4115843,3.0,0.0,-3.0,-100.0,1,3,2,-1
10925,37.6162906610378,126.85271539941547,4178115,4178115,11.0,35.0,24.0,218.18181818181816,0,63,107,44
10997,37.78888113955798,126.70356975408004,4105158,4105158,8.0,3.0,-5.0,-62.5,1,18,9,-9
11178,37.67485869018787,126.84937199209084,4111295,4111295,0.0,0.0,0.0,,0,3,3,0
11239,37.67205236022765,126.75584692514391,4106851,4106851,216.0,119.0,-97.0,-44.907407407407405,1,593,352,-241
11251,37.707653365856544,126.68742280735928,4105162,4105162,34.0,20.0,-14.0,-41.17647058823529,1,241,178,-63
11481,37.65198344966401,126.79005605551755,4111194,4111194,34.0,25.0,-9.0,-26.47058823529412,1,106,92,-14
11506,37.69238415567052,126.76415058768389,4107446,4107446,26.0,16.0,-10.0,-38.46153846153847,1,71,80,9
11521,37.78882325613204,126.6950525517449,4105154,4105154,13.0,16.0,3.0,23.076923076923077,0,43,64,21
11524,37.71674345984174,126.6986696100067,4104776,4104776,22.0,4.0,-18.0,-81.81818181818183,1,53,35,-18
11550,37.73276022556416,126.73537977427596,4111456 | 4111457,4111456 | 4111457,201.0,56.0,-145.0,-72.13930348258707,1,711,201,-510
11696,37.63193668611023,126.8299131808454,4111210,4111210,42.0,27.0,-15.0,-35.714285714285715,1,110,107,-3
11811,37.7238207523413,126.74681887712032,4104804,4104804,92.0,53.0,-39.0,-42.391304347826086,1,247,218,-29
12018,37.69465497316165,126.76696383567,4110822,4110822,30.0,22.0,-8.0,-26.666666666666668,1,41,37,-4
12253,37.674429058684254,126.77566762997373,4110891,4110891,43.0,30.0,-13.0,-30.23255813953488,1,172,131,-41
12334,37.75323676667226,126.76638623901005,4104922,4104922,7.0,7.0,0.0,0.0,0,12,14,2
12461,37.61848118839965,126.84136518245136,4111330 | 4196171,4111330 | 4196171,161.0,280.0,119.0,73.91304347826086,0,595,666,71
12464,37.61851267448948,126.84703051951186,4111372,4111372,69.0,128.0,59.0,85.5072463768116,0,277,395,118
12556,37.73272328448807,126.72970588175149,4105844,4105844,25.0,15.0,-10.0,-40.0,1,65,85,20
12725,37.62969952948547,126.8327664981576,4111319,4111319,17.0,26.0,9.0,52.94117647058824,0,56,65,9
12765,37.66298576693129,126.74743400067258,4177448,4177448,235.0,228.0,-7.0,-2.9787234042553195,1,882,945,63
12816,37.77085640909052,126.70376313427468,4104939,4105040,15.0,17.0,2.0,13.333333333333334,0,31,42,11
12856,37.712626980834216,126.75827769251188,4104992,4104992,16.0,23.0,7.0,43.75,0,125,76,-49
12984,37.62739794856962,126.82428764704964,4111213,4111213,6.0,4.0,-2.0,-33.33333333333333,1,25,10,-15
12985,37.618401283322335,126.8272018787127,4111338,4111338,1.0,5.0,4.0,400.0,0,10,5,-5
13084,37.71475354265406,126.7384013193933,4104705,4104705,150.0,87.0,-63.0,-42.0,1,320,235,-85
13238,37.636443107731495,126.82987271144182,4111317,4111317,13.0,26.0,13.0,100.0,0,101,77,-24
13276,37.68796544355217,126.77837143166116,4110835,4110835,131.0,71.0,-60.0,-45.80152671755725,1,298,233,-65
13315,37.723522043516695,126.70143336302569,4104959,4104959,167.0,62.0,-105.0,-62.874251497005986,1,495,298,-197
13318,37.7753433802019,126.70087625217128,4104935,4175759,47.0,16.0,-31.0,-65.95744680851064,1,134,63,-71
13487,37.72439749981077,126.84326520665992,4115546,4115546,37.0,51.0,14.0,37.83783783783784,0,99,94,-5
13602,37.719278101678526,126.74119162326171,4124545,4124545,58.0,23.0,-35.0,-60.3448275862069,1,135,34,-101
13631,37.77133197036757,126.7775619567614,4104905,4104905,6.0,13.0,7.0,116.66666666666667,0,33,23,-10
13793,37.66761702295993,126.76722985494418,4110807,4110807,358.0,293.0,-65.0,-18.156424581005588,1,892,737,-155
13997,37.622955867605086,126.83565975380644,4111326,4111326,24.0,17.0,-7.0,-29.166666666666668,1,89,57,-32
14004,37.69291545612664,126.85488552101629,4111453,4111453,0.0,3.0,3.0,,0,1,7,6
14062,37.68784232215079,126.75852460636987,4110868,4110868,1.0,16.0,15.0,1500.0,0,21,53,32
14103,37.72151294336283,126.73833211555802,4104737,4104737,79.0,71.0,-8.0,-10.126582278481013,1,289,204,-85
14148,37.751207474899495,126.80329833088544,4115890,4115890,0.0,0.0,0.0,,0,4,5,1
14284,37.68140918889111,126.81245723619068,4177488,4177488,8.0,0.0,-8.0,-100.0,1,12,1,-11
14394,37.735567315843625,126.82614298581376,4105155,4105155,9.0,7.0,-2.0,-22.22222222222222,1,21,18,-3
14783,37.67428759919729,126.75298968878072,4106840,4106840,17.0,12.0,-5.0,-29.411764705882355,1,79,62,-17
14787,37.69241940706636,126.76982144984493,4110824,4110824,18.0,20.0,2.0,11.11111111111111,0,28,35,7
14839,37.72385686255858,126.75249211294634,4104788,4104788,24.0,12.0,-12.0,-50.0,1,87,71,-16
15419,37.61841740032031,126.8300345349752,4111336,4111336,14.0,16.0,2.0,14.285714285714285,0,70,46,-24
15474,37.69914362189476,126.76408377731045,4110935,4110935,21.0,32.0,11.0,52.38095238095239,0,69,105,36
