셀 ID,중심점 위도,중심점 경도,시군,건축물 수,건축물 수 원자료 결측 여부
44,37.65648981807742,126.79001314810708,고양,18.0,False
76,37.79109570326217,126.69786725945112,파주,37.0,False
559,37.69650380282975,126.70455900791502,파주,46.0,False
619,37.80297904831105,126.79429277524156,파주,7.0,False
765,37.65483564366711,126.8977279991296,고양,92.0,False
1064,37.69916128595655,126.76691946453778,고양,17.0,False
1115,37.71707942586449,126.74972367454812,파주,4.0,False
1117,37.77342570245335,126.75199331593264,파주,26.0,False
1118,37.71711539087875,126.75539640004187,파주,11.0,False
1235,37.65448482910745,126.83254477091356,고양,8.0,False
1278,37.67215844627378,126.7728548669146,고양,56.0,False
1295,37.6696354856855,126.73035845342984,고양,45.0,False
1518,37.59389531344304,126.87839632651432,고양,15.0,False
1538,37.68571227757111,126.77839326308082,고양,122.0,False
1572,37.76856482125503,126.69811070762718,파주,5.0,False
1712,37.618449430342814,126.83569985424712,고양,80.0,False
1713,37.62746230138047,126.83561964443132,고양,12.0,False
1757,37.64518965160707,126.78445310105508,고양,17.0,False
1962,37.661292250392286,126.84098711870324,고양,19.0,False
2268,37.68125767439162,126.78694196583533,고양,26.0,False
2287,37.67192549378632,126.7360044406111,고양,43.0,False
2295,37.700874457190665,126.68466089965716,미분류,0.0,True
2477,37.61843344932719,126.83286719348985,고양,76.0,False
2586,37.7103559585845,126.75546404282132,파주,11.0,False
2716,37.64321879690409,126.83264558970606,고양,15.0,False
2718,37.64548800161028,126.83545911754372,고양,12.0,False
3056,37.74169854498066,126.72393792106894,파주,11.0,False
3227,37.68800000767202,126.7840419752074,고양,9.0,False
3424,37.62071856372024,126.83851255361056,고양,15.0,False
3658,37.66352958480167,126.83813282187172,고양,73.0,False
3765,37.72374771297368,126.73547243605177,파주,24.0,False
3926,37.67232980676579,126.8012016314688,고양,41.0,False
4012,37.85927277907274,126.78807238486382,파주,51.0,False
4131,37.659007240163135,126.83533862846258,고양,121.0,False
4205,37.69461958257017,126.761292806892,고양,24.0,False
4261,37.73742935856722,126.7608676182252,파주,10.0,False
4714,37.78660882679624,126.70075495206088,파주,36.0,False
4934,37.67650470769052,126.74729746640816,고양,26.0,False
4985,37.72832702218337,126.7467732387605,파주,13.0,False
5010,37.85925556212696,126.78523056140187,파주,187.0,False
5162,37.66321510312149,126.7842801014925,고양,25.0,False
5217,37.71698831933848,126.73554190528708,파주,23.0,False
5631,37.62971551696054,126.83559958639266,고양,18.0,False
5703,37.78655074285418,126.69223801640696,파주,2.0,False
5754,37.732923081226126,126.76091241732648,파주,11.0,False
5964,37.73039546533123,126.71838181296424,파주,30.0,False
6398,37.64749409649477,126.7929326913726,고양,36.0,False
6421,37.71441269187769,126.6873489904582,파주,21.0,False
6608,37.71766941053226,126.84899776463944,고양,40.0,False
6874,37.68120594298741,126.7784369186242,고양,17.0,False
6952,37.7419356324092,126.76082280913931,파주,20.0,False
7106,37.72888802318087,126.84038854425042,파주,23.0,False
7368,37.6071190159186,126.82447114569028,고양,14.0,False
7369,37.64772521240146,126.8326052689275,고양,9.0,False
7433,37.69910808921614,126.75841241031004,고양,30.0,False
7480,37.728363138232446,126.752446818273,파주,27.0,False
7608,37.7154318498318,126.85185383875896,고양,41.0,False
7697,37.72376607518176,126.73830904247204,파주,47.0,False
7883,37.703614389920574,126.75836751438324,파주,34.0,False
8546,37.62965115894855,126.82426724695416,고양,8.0,False
8590,37.64522389049471,126.79012039871184,고양,89.0,False
8635,37.77765392110642,126.70936792367092,파주,10.0,False
8689,37.75783051497436,126.78053138356148,파주,24.0,False
8805,37.620638312200526,126.82434883370372,고양,131.0,False
8846,37.692489091829486,126.78116320362965,고양,36.0,False
8868,37.667455774210254,126.74171956333082,미분류,0.0,True
8938,37.7712970293859,126.7718850634807,파주,60.0,False
9284,37.6567540359176,126.83535871556916,고양,56.0,False
9285,37.65902317635135,126.83817283149251,고양,102.0,False
9342,37.68108285141793,126.75859189401278,고양,62.0,False
9400,37.71480820215605,126.74691012333562,파주,16.0,False
9815,37.68101101427948,126.74725193470243,고양,15.0,False
9860,37.710320002282025,126.74979183254334,파주,18.0,False
9893,37.84577127541418,126.79104368265092,파주,82.0,False
10047,37.69690812999624,126.76694165133976,고양,13.0,False
10091,37.72158570387802,126.74967822322633,파주,20.0,False
10101,37.753271958370114,126.77206174520995,파주,10.0,False
10111,37.85474935382665,126.78527407425784,파주,38.0,False
10121,37.744464746989024,126.80619913914222,파주,114.0,False
10274,37.66983483112512,126.7615385576808,고양,19.0,False
10336,37.74191780464687,126.75798549480824,파주,15.0,False
10471,37.60037553053271,126.82736424157493,고양,59.0,False
10528,37.725889227061415,126.71842917499696,파주,9.0,False
10574,37.79620261526006,126.79151767288732,파주,59.0,False
10682,37.616259449439134,126.84705022451178,고양,22.0,False
10778,37.71030192181316,126.74695573119584,파주,6.0,False
10804,37.75335874204886,126.78625055358988,미분류,0.0,True
10925,37.6162906610378,126.85271539941547,고양,23.0,False
10997,37.78888113955798,126.70356975408004,파주,17.0,False
11178,37.67485869018787,126.84937199209084,고양,11.0,False
11239,37.67205236022765,126.75584692514391,고양,12.0,False
11251,37.707653365856544,126.68742280735928,파주,21.0,False
11481,37.65198344966401,126.79005605551755,고양,18.0,False
11506,37.69238415567052,126.76415058768389,고양,19.0,False
11521,37.78882325613204,126.6950525517449,파주,26.0,False
11524,37.71674345984174,126.6986696100067,파주,13.0,False
11550,37.73276022556416,126.73537977427596,파주,45.0,False
11696,37.63193668611023,126.8299131808454,고양,32.0,False
11811,37.7238207523413,126.74681887712032,파주,9.0,False
12018,37.69465497316165,126.76696383567,고양,27.0,False
12253,37.674429058684254,126.77566762997373,고양,78.0,False
12334,37.75323676667226,126.76638623901005,파주,13.0,False
12461,37.61848118839965,126.84136518245136,고양,12.0,False
12464,37.61851267448948,126.84703051951186,고양,16.0,False
12556,37.73272328448807,126.72970588175149,파주,30.0,False
12725,37.62969952948547,126.8327664981576,고양,18.0,False
12765,37.66298576693129,126.74743400067258,고양,32.0,False
12816,37.77085640909052,126.70376313427468,파주,110.0,False
12856,37.712626980834216,126.75827769251188,파주,15.0,False
12984,37.62739794856962,126.82428764704964,고양,105.0,False
12985,37.618401283322335,126.8272018787127,고양,81.0,False
13084,37.71475354265406,126.7384013193933,파주,29.0,False
13238,37.636443107731495,126.82987271144182,고양,12.0,False
13276,37.68796544355217,126.77837143166116,고양,33.0,False
13315,37.723522043516695,126.70143336302569,파주,32.0,False
13318,37.7753433802019,126.70087625217128,파주,32.0,False
13487,37.72439749981077,126.84326520665992,고양,26.0,False
13602,37.719278101678526,126.74119162326171,파주,48.0,False
13631,37.77133197036757,126.7775619567614,파주,12.0,False
13793,37.66761702295993,126.76722985494418,고양,10.0,False
13997,37.622955867605086,126.83565975380644,고양,32.0,False
14004,37.69291545612664,126.85488552101629,고양,4.0,False
14062,37.68784232215079,126.75852460636987,고양,12.0,False
14103,37.72151294336283,126.73833211555802,파주,77.0,False
14148,37.751207474899495,126.80329833088544,파주,14.0,False
14284,37.68140918889111,126.81245723619068,고양,13.0,False
14394,37.735567315843625,126.82614298581376,파주,24.0,False
14783,37.67428759919729,126.75298968878072,고양,32.0,False
14787,37.69241940706636,126.76982144984493,고양,25.0,False
14839,37.72385686255858,126.75249211294634,파주,5.0,False
15419,37.61841740032031,126.8300345349752,고양,29.0,False
15474,37.69914362189476,126.76408377731045,고양,17.0,False
