셀 ID,2024년 07~09시 전체 서울행 승차인원,2024년 07~09시 GTX 경쟁 목적지 승차인원,GTX 경쟁 목적지 승차인원 비율(%)
44,70.0,17.0,24.285714285714285
76,0.0,0.0,
559,11.0,0.0,0.0
619,1.0,1.0,100.0
765,12.0,5.0,41.66666666666667
1064,31.0,7.0,22.58064516129032
1115,53.0,0.0,0.0
1117,4.0,4.0,100.0
1118,104.0,0.0,0.0
1235,3.0,0.0,0.0
1278,19.0,0.0,0.0
1295,17.0,11.0,64.70588235294117
1518,3.0,0.0,0.0
1538,34.0,14.0,41.17647058823529
1572,8.0,0.0,0.0
1712,13.0,0.0,0.0
1713,41.0,0.0,0.0
1757,165.0,30.0,18.181818181818183
1962,0.0,0.0,
2268,9.0,0.0,0.0
2287,72.0,32.0,44.44444444444444
2295,0.0,0.0,
2477,21.0,0.0,0.0
2586,31.0,0.0,0.0
2716,23.0,4.0,17.391304347826086
2718,31.0,11.0,35.483870967741936
3056,9.0,0.0,0.0
3227,58.0,11.0,18.96551724137931
3424,25.0,0.0,0.0
3658,13.0,0.0,0.0
3765,27.0,19.0,70.37037037037037
3926,17.0,2.0,11.76470588235294
4012,1.0,1.0,100.0
4131,11.0,0.0,0.0
4205,2.0,0.0,0.0
4261,119.0,0.0,0.0
4714,0.0,0.0,
4934,487.0,73.0,14.989733059548255
4985,150.0,40.0,26.666666666666668
5010,5.0,4.0,80.0
5162,34.0,6.0,17.647058823529413
5217,258.0,0.0,0.0
5631,22.0,0.0,0.0
5703,14.0,0.0,0.0
5754,76.0,0.0,0.0
5964,8.0,0.0,0.0
6398,7.0,0.0,0.0
6421,14.0,0.0,0.0
6608,43.0,26.0,60.46511627906976
6874,94.0,19.0,20.212765957446805
6952,0.0,0.0,
7106,13.0,8.0,61.53846153846154
7368,0.0,0.0,
7369,16.0,1.0,6.25
7433,5.0,0.0,0.0
7480,44.0,0.0,0.0
7608,4.0,0.0,0.0
7697,66.0,0.0,0.0
7883,0.0,0.0,
8546,1.0,0.0,0.0
8590,16.0,0.0,0.0
8635,0.0,0.0,
8689,4.0,4.0,100.0
8805,0.0,0.0,
8846,58.0,13.0,22.413793103448278
8868,51.0,0.0,0.0
8938,1.0,1.0,100.0
9284,1.0,0.0,0.0
9285,0.0,0.0,
9342,53.0,0.0,0.0
9400,39.0,6.0,15.384615384615385
9815,11.0,0.0,0.0
9860,34.0,0.0,0.0
9893,3.0,0.0,0.0
10047,36.0,13.0,36.11111111111111
10091,46.0,8.0,17.391304347826086
10101,11.0,0.0,0.0
10111,0.0,0.0,
10121,31.0,14.0,45.16129032258064
10274,301.0,44.0,14.61794019933555
10336,21.0,0.0,0.0
10471,2.0,0.0,0.0
10528,36.0,11.0,30.555555555555557
10574,4.0,1.0,25.0
10682,18.0,0.0,0.0
10778,339.0,49.0,14.454277286135694
10804,3.0,0.0,0.0
10925,11.0,2.0,18.181818181818183
10997,8.0,0.0,0.0
11178,0.0,0.0,
11239,216.0,51.0,23.61111111111111
11251,34.0,0.0,0.0
11481,34.0,5.0,14.705882352941178
11506,26.0,0.0,0.0
11521,13.0,0.0,0.0
11524,22.0,0.0,0.0
11550,201.0,49.0,24.378109452736318
11696,42.0,0.0,0.0
11811,92.0,0.0,0.0
12018,30.0,13.0,43.333333333333336
12253,43.0,8.0,18.6046511627907
12334,7.0,0.0,0.0
12461,161.0,26.0,16.149068322981368
12464,69.0,12.0,17.391304347826086
12556,25.0,0.0,0.0
12725,17.0,0.0,0.0
12765,235.0,0.0,0.0
12816,15.0,0.0,0.0
12856,16.0,0.0,0.0
12984,6.0,0.0,0.0
12985,1.0,0.0,0.0
13084,150.0,17.0,11.333333333333332
13238,13.0,0.0,0.0
13276,131.0,18.0,13.740458015267176
13315,167.0,0.0,0.0
13318,47.0,0.0,0.0
13487,37.0,22.0,59.45945945945946
13602,58.0,0.0,0.0
13631,6.0,0.0,0.0
13793,358.0,68.0,18.994413407821227
13997,24.0,0.0,0.0
14004,0.0,0.0,
14062,1.0,0.0,0.0
14103,79.0,8.0,10.126582278481013
14148,0.0,0.0,
14284,8.0,0.0,0.0
14394,9.0,9.0,100.0
14783,17.0,0.0,0.0
14787,18.0,6.0,33.33333333333333
14839,24.0,0.0,0.0
15419,14.0,0.0,0.0
15474,21.0,0.0,0.0
