셀 ID,2024년 종일 전체 서울행 승차인원,2024년 종일 GTX 경쟁 목적지 승차인원,2024년 종일 비경쟁 목적지 승차인원,2024년 종일 하차 좌표 결측 승차인원,2024년 종일 목적지 분류 가능 승차인원,GTX 경쟁 목적지 승차인원 비율(%),GTX 경쟁 목적지 기준
44,269.0,57.0,212.0,0.0,269.0,21.189591078066915,연신내역·서울역 하차 반경 1km 이내
76,17.0,0.0,17.0,0.0,17.0,0.0,연신내역·서울역 하차 반경 1km 이내
559,82.0,0.0,82.0,0.0,82.0,0.0,연신내역·서울역 하차 반경 1km 이내
619,1.0,1.0,0.0,0.0,1.0,100.0,연신내역·서울역 하차 반경 1km 이내
765,18.0,7.0,11.0,0.0,18.0,38.88888888888889,연신내역·서울역 하차 반경 1km 이내
1064,78.0,16.0,62.0,0.0,78.0,20.51282051282051,연신내역·서울역 하차 반경 1km 이내
1115,111.0,0.0,111.0,0.0,111.0,0.0,연신내역·서울역 하차 반경 1km 이내
1117,10.0,4.0,6.0,0.0,10.0,40.0,연신내역·서울역 하차 반경 1km 이내
1118,179.0,0.0,179.0,0.0,179.0,0.0,연신내역·서울역 하차 반경 1km 이내
1235,6.0,0.0,6.0,0.0,6.0,0.0,연신내역·서울역 하차 반경 1km 이내
1278,132.0,0.0,132.0,0.0,132.0,0.0,연신내역·서울역 하차 반경 1km 이내
1295,93.0,42.0,51.0,0.0,93.0,45.16129032258064,연신내역·서울역 하차 반경 1km 이내
1518,3.0,0.0,3.0,0.0,3.0,0.0,연신내역·서울역 하차 반경 1km 이내
1538,91.0,29.0,62.0,0.0,91.0,31.868131868131865,연신내역·서울역 하차 반경 1km 이내
1572,73.0,0.0,73.0,0.0,73.0,0.0,연신내역·서울역 하차 반경 1km 이내
1712,43.0,0.0,43.0,0.0,43.0,0.0,연신내역·서울역 하차 반경 1km 이내
1713,111.0,0.0,111.0,0.0,111.0,0.0,연신내역·서울역 하차 반경 1km 이내
1757,411.0,71.0,340.0,0.0,411.0,17.27493917274939,연신내역·서울역 하차 반경 1km 이내
1962,4.0,0.0,4.0,0.0,4.0,0.0,연신내역·서울역 하차 반경 1km 이내
2268,9.0,0.0,9.0,0.0,9.0,0.0,연신내역·서울역 하차 반경 1km 이내
2287,167.0,68.0,99.0,0.0,167.0,40.7185628742515,연신내역·서울역 하차 반경 1km 이내
2295,6.0,0.0,6.0,0.0,6.0,0.0,연신내역·서울역 하차 반경 1km 이내
2477,130.0,0.0,130.0,0.0,130.0,0.0,연신내역·서울역 하차 반경 1km 이내
2586,96.0,0.0,96.0,0.0,96.0,0.0,연신내역·서울역 하차 반경 1km 이내
2716,73.0,11.0,62.0,0.0,73.0,15.068493150684931,연신내역·서울역 하차 반경 1km 이내
2718,99.0,13.0,86.0,0.0,99.0,13.131313131313133,연신내역·서울역 하차 반경 1km 이내
3056,16.0,0.0,16.0,0.0,16.0,0.0,연신내역·서울역 하차 반경 1km 이내
3227,109.0,15.0,94.0,0.0,109.0,13.761467889908257,연신내역·서울역 하차 반경 1km 이내
3424,64.0,0.0,64.0,0.0,64.0,0.0,연신내역·서울역 하차 반경 1km 이내
3658,35.0,0.0,35.0,0.0,35.0,0.0,연신내역·서울역 하차 반경 1km 이내
3765,89.0,51.0,38.0,0.0,89.0,57.30337078651685,연신내역·서울역 하차 반경 1km 이내
3926,24.0,5.0,19.0,0.0,24.0,20.833333333333336,연신내역·서울역 하차 반경 1km 이내
4012,4.0,1.0,3.0,0.0,4.0,25.0,연신내역·서울역 하차 반경 1km 이내
4131,19.0,0.0,19.0,0.0,19.0,0.0,연신내역·서울역 하차 반경 1km 이내
4205,11.0,0.0,11.0,0.0,11.0,0.0,연신내역·서울역 하차 반경 1km 이내
4261,252.0,0.0,252.0,0.0,252.0,0.0,연신내역·서울역 하차 반경 1km 이내
4714,12.0,0.0,12.0,0.0,12.0,0.0,연신내역·서울역 하차 반경 1km 이내
4934,1990.0,258.0,1732.0,0.0,1990.0,12.964824120603016,연신내역·서울역 하차 반경 1km 이내
4985,411.0,112.0,299.0,0.0,411.0,27.25060827250608,연신내역·서울역 하차 반경 1km 이내
5010,26.0,13.0,13.0,0.0,26.0,50.0,연신내역·서울역 하차 반경 1km 이내
5162,197.0,41.0,156.0,0.0,197.0,20.812182741116754,연신내역·서울역 하차 반경 1km 이내
5217,619.0,0.0,619.0,0.0,619.0,0.0,연신내역·서울역 하차 반경 1km 이내
5631,51.0,0.0,51.0,0.0,51.0,0.0,연신내역·서울역 하차 반경 1km 이내
5703,95.0,0.0,95.0,0.0,95.0,0.0,연신내역·서울역 하차 반경 1km 이내
5754,239.0,0.0,239.0,0.0,239.0,0.0,연신내역·서울역 하차 반경 1km 이내
5964,17.0,0.0,17.0,0.0,17.0,0.0,연신내역·서울역 하차 반경 1km 이내
6398,16.0,1.0,15.0,0.0,16.0,6.25,연신내역·서울역 하차 반경 1km 이내
6421,110.0,0.0,110.0,0.0,110.0,0.0,연신내역·서울역 하차 반경 1km 이내
6608,78.0,50.0,28.0,0.0,78.0,64.1025641025641,연신내역·서울역 하차 반경 1km 이내
6874,330.0,59.0,271.0,0.0,330.0,17.87878787878788,연신내역·서울역 하차 반경 1km 이내
6952,9.0,0.0,9.0,0.0,9.0,0.0,연신내역·서울역 하차 반경 1km 이내
7106,39.0,21.0,18.0,0.0,39.0,53.84615384615385,연신내역·서울역 하차 반경 1km 이내
7368,3.0,0.0,3.0,0.0,3.0,0.0,연신내역·서울역 하차 반경 1km 이내
7369,39.0,1.0,38.0,0.0,39.0,2.564102564102564,연신내역·서울역 하차 반경 1km 이내
7433,18.0,0.0,18.0,0.0,18.0,0.0,연신내역·서울역 하차 반경 1km 이내
7480,93.0,0.0,93.0,0.0,93.0,0.0,연신내역·서울역 하차 반경 1km 이내
7608,11.0,1.0,10.0,0.0,11.0,9.090909090909092,연신내역·서울역 하차 반경 1km 이내
7697,231.0,0.0,231.0,0.0,231.0,0.0,연신내역·서울역 하차 반경 1km 이내
7883,8.0,0.0,8.0,0.0,8.0,0.0,연신내역·서울역 하차 반경 1km 이내
8546,9.0,0.0,9.0,0.0,9.0,0.0,연신내역·서울역 하차 반경 1km 이내
8590,56.0,14.0,42.0,0.0,56.0,25.0,연신내역·서울역 하차 반경 1km 이내
8635,4.0,0.0,4.0,0.0,4.0,0.0,연신내역·서울역 하차 반경 1km 이내
8689,9.0,6.0,3.0,0.0,9.0,66.66666666666666,연신내역·서울역 하차 반경 1km 이내
8805,4.0,0.0,4.0,0.0,4.0,0.0,연신내역·서울역 하차 반경 1km 이내
8846,116.0,20.0,96.0,0.0,116.0,17.24137931034483,연신내역·서울역 하차 반경 1km 이내
8868,1036.0,0.0,1036.0,0.0,1036.0,0.0,연신내역·서울역 하차 반경 1km 이내
8938,5.0,3.0,2.0,0.0,5.0,60.0,연신내역·서울역 하차 반경 1km 이내
9284,1.0,0.0,1.0,0.0,1.0,0.0,연신내역·서울역 하차 반경 1km 이내
9285,3.0,0.0,3.0,0.0,3.0,0.0,연신내역·서울역 하차 반경 1km 이내
9342,236.0,0.0,236.0,0.0,236.0,0.0,연신내역·서울역 하차 반경 1km 이내
9400,77.0,18.0,59.0,0.0,77.0,23.376623376623375,연신내역·서울역 하차 반경 1km 이내
9815,29.0,0.0,29.0,0.0,29.0,0.0,연신내역·서울역 하차 반경 1km 이내
9860,130.0,0.0,130.0,0.0,130.0,0.0,연신내역·서울역 하차 반경 1km 이내
9893,3.0,0.0,3.0,0.0,3.0,0.0,연신내역·서울역 하차 반경 1km 이내
10047,56.0,17.0,39.0,0.0,56.0,30.357142857142854,연신내역·서울역 하차 반경 1km 이내
10091,106.0,12.0,94.0,0.0,106.0,11.320754716981133,연신내역·서울역 하차 반경 1km 이내
10101,19.0,0.0,19.0,0.0,19.0,0.0,연신내역·서울역 하차 반경 1km 이내
10111,5.0,0.0,5.0,0.0,5.0,0.0,연신내역·서울역 하차 반경 1km 이내
10121,76.0,33.0,43.0,0.0,76.0,43.42105263157895,연신내역·서울역 하차 반경 1km 이내
10274,1102.0,194.0,908.0,0.0,1102.0,17.604355716878402,연신내역·서울역 하차 반경 1km 이내
10336,63.0,0.0,63.0,0.0,63.0,0.0,연신내역·서울역 하차 반경 1km 이내
10471,16.0,0.0,16.0,0.0,16.0,0.0,연신내역·서울역 하차 반경 1km 이내
10528,146.0,43.0,103.0,0.0,146.0,29.45205479452055,연신내역·서울역 하차 반경 1km 이내
10574,22.0,2.0,20.0,0.0,22.0,9.090909090909092,연신내역·서울역 하차 반경 1km 이내
10682,25.0,0.0,25.0,0.0,25.0,0.0,연신내역·서울역 하차 반경 1km 이내
10778,1123.0,82.0,1041.0,0.0,1123.0,7.3018699910952805,연신내역·서울역 하차 반경 1km 이내
10804,3.0,0.0,3.0,0.0,3.0,0.0,연신내역·서울역 하차 반경 1km 이내
10925,63.0,13.0,50.0,0.0,63.0,20.634920634920633,연신내역·서울역 하차 반경 1km 이내
10997,18.0,0.0,18.0,0.0,18.0,0.0,연신내역·서울역 하차 반경 1km 이내
11178,3.0,0.0,3.0,0.0,3.0,0.0,연신내역·서울역 하차 반경 1km 이내
11239,593.0,145.0,448.0,0.0,593.0,24.45193929173693,연신내역·서울역 하차 반경 1km 이내
11251,241.0,0.0,241.0,0.0,241.0,0.0,연신내역·서울역 하차 반경 1km 이내
11481,106.0,18.0,88.0,0.0,106.0,16.9811320754717,연신내역·서울역 하차 반경 1km 이내
11506,71.0,0.0,71.0,0.0,71.0,0.0,연신내역·서울역 하차 반경 1km 이내
11521,43.0,0.0,43.0,0.0,43.0,0.0,연신내역·서울역 하차 반경 1km 이내
11524,53.0,0.0,53.0,0.0,53.0,0.0,연신내역·서울역 하차 반경 1km 이내
11550,711.0,138.0,573.0,0.0,711.0,19.40928270042194,연신내역·서울역 하차 반경 1km 이내
11696,110.0,8.0,102.0,0.0,110.0,7.2727272727272725,연신내역·서울역 하차 반경 1km 이내
11811,247.0,0.0,247.0,0.0,247.0,0.0,연신내역·서울역 하차 반경 1km 이내
12018,41.0,16.0,25.0,0.0,41.0,39.02439024390244,연신내역·서울역 하차 반경 1km 이내
12253,172.0,29.0,143.0,0.0,172.0,16.86046511627907,연신내역·서울역 하차 반경 1km 이내
12334,12.0,0.0,12.0,0.0,12.0,0.0,연신내역·서울역 하차 반경 1km 이내
12461,595.0,89.0,506.0,0.0,595.0,14.957983193277311,연신내역·서울역 하차 반경 1km 이내
12464,277.0,53.0,224.0,0.0,277.0,19.133574007220215,연신내역·서울역 하차 반경 1km 이내
12556,65.0,0.0,65.0,0.0,65.0,0.0,연신내역·서울역 하차 반경 1km 이내
12725,56.0,0.0,56.0,0.0,56.0,0.0,연신내역·서울역 하차 반경 1km 이내
12765,882.0,0.0,882.0,0.0,882.0,0.0,연신내역·서울역 하차 반경 1km 이내
12816,31.0,0.0,31.0,0.0,31.0,0.0,연신내역·서울역 하차 반경 1km 이내
12856,125.0,0.0,125.0,0.0,125.0,0.0,연신내역·서울역 하차 반경 1km 이내
12984,25.0,0.0,25.0,0.0,25.0,0.0,연신내역·서울역 하차 반경 1km 이내
12985,10.0,0.0,10.0,0.0,10.0,0.0,연신내역·서울역 하차 반경 1km 이내
13084,320.0,38.0,282.0,0.0,320.0,11.875,연신내역·서울역 하차 반경 1km 이내
13238,101.0,9.0,92.0,0.0,101.0,8.91089108910891,연신내역·서울역 하차 반경 1km 이내
13276,298.0,48.0,250.0,0.0,298.0,16.10738255033557,연신내역·서울역 하차 반경 1km 이내
13315,495.0,0.0,495.0,0.0,495.0,0.0,연신내역·서울역 하차 반경 1km 이내
13318,134.0,0.0,134.0,0.0,134.0,0.0,연신내역·서울역 하차 반경 1km 이내
13487,99.0,55.0,44.0,0.0,99.0,55.55555555555556,연신내역·서울역 하차 반경 1km 이내
13602,135.0,0.0,135.0,0.0,135.0,0.0,연신내역·서울역 하차 반경 1km 이내
13631,33.0,18.0,15.0,0.0,33.0,54.54545454545454,연신내역·서울역 하차 반경 1km 이내
13793,892.0,161.0,731.0,0.0,892.0,18.04932735426009,연신내역·서울역 하차 반경 1km 이내
13997,89.0,0.0,89.0,0.0,89.0,0.0,연신내역·서울역 하차 반경 1km 이내
14004,1.0,0.0,1.0,0.0,1.0,0.0,연신내역·서울역 하차 반경 1km 이내
14062,21.0,0.0,21.0,0.0,21.0,0.0,연신내역·서울역 하차 반경 1km 이내
14103,289.0,24.0,265.0,0.0,289.0,8.304498269896193,연신내역·서울역 하차 반경 1km 이내
14148,4.0,4.0,0.0,0.0,4.0,100.0,연신내역·서울역 하차 반경 1km 이내
14284,12.0,0.0,12.0,0.0,12.0,0.0,연신내역·서울역 하차 반경 1km 이내
14394,21.0,18.0,3.0,0.0,21.0,85.71428571428571,연신내역·서울역 하차 반경 1km 이내
14783,79.0,0.0,79.0,0.0,79.0,0.0,연신내역·서울역 하차 반경 1km 이내
14787,28.0,6.0,22.0,0.0,28.0,21.428571428571427,연신내역·서울역 하차 반경 1km 이내
14839,87.0,0.0,87.0,0.0,87.0,0.0,연신내역·서울역 하차 반경 1km 이내
15419,70.0,0.0,70.0,0.0,70.0,0.0,연신내역·서울역 하차 반경 1km 이내
15474,69.0,0.0,69.0,0.0,69.0,0.0,연신내역·서울역 하차 반경 1km 이내
