노선,GTX-A 영향역,2024 종일,2025 종일,2024 오전,2025 오전,경쟁목적지 비율(%),종일 변화율(%),오전 변화율(%),노선 유형
1000,대곡역·킨텍스역,7797,6779,2726,2574,26.010003847633705,-13.056303706553807,-5.5759354365370495,일반 광역
1082,대곡역,1309,1111,380,410,0.0,-15.126050420168069,7.8947368421052655,일반 광역
1100,킨텍스역,99,54,61,11,20.2020202020202,-45.45454545454546,-81.9672131147541,일반 광역
1200,대곡역·킨텍스역,2629,1907,1070,735,23.468999619627233,-27.46291365538227,-31.308411214953267,일반 광역
1500,운정중앙역·킨텍스역,3385,2572,784,488,0.0,-24.01772525849335,-37.755102040816325,일반 광역
1900,대곡역·킨텍스역,130,104,60,48,37.69230769230769,-19.999999999999996,-19.999999999999996,일반 광역
2200,운정중앙역,2116,1744,441,255,0.0,-17.580340264650285,-42.17687074829932,일반 광역
3100,운정중앙역,1209,963,378,273,0.0,-20.347394540942933,-27.77777777777778,일반 광역
3400,운정중앙역,967,706,464,256,0.0,-26.990692864529475,-44.827586206896555,일반 광역
6701,킨텍스역,16,102,7,41,0.0,537.5,485.71428571428567,일반 광역
7101,운정중앙역,599,401,254,169,0.0,-33.0550918196995,-33.46456692913385,일반 광역
9030,운정중앙역,884,810,295,228,0.0,-8.371040723981904,-22.711864406779657,일반 광역
9030-1,운정중앙역,59,59,17,24,0.0,0.0,41.176470588235304,일반 광역
9600,대곡역,145,103,37,27,0.0,-28.965517241379313,-27.027027027027028,일반 광역
9700,대곡역·킨텍스역,224,113,84,38,0.0,-49.55357142857143,-54.761904761904766,일반 광역
9709,대곡역·운정중앙역,402,442,167,165,62.68656716417911,9.950248756218905,-1.19760479041916,일반 광역
9710,대곡역·운정중앙역,496,436,166,175,48.38709677419355,-12.096774193548388,5.421686746987953,일반 광역
9710-1,대곡역·운정중앙역,18,64,10,55,50.0,255.55555555555554,450.0,일반 광역
G7426,운정중앙역,941,672,220,195,0.0,-28.586609989373002,-11.363636363636365,G버스
G7625,운정중앙역,709,444,248,119,0.0,-37.37658674188998,-52.016129032258064,G버스
M7111,운정중앙역,1319,491,431,191,26.231993934799092,-62.77482941622441,-55.68445475638051,M버스
M7154,운정중앙역,388,168,147,65,55.670103092783506,-56.70103092783505,-55.78231292517006,M버스
M7412,킨텍스역,1221,1412,250,313,0.0,15.642915642915645,25.2,M버스
M7731,킨텍스역,3271,3595,563,700,0.0,9.90522775909508,24.333925399644762,M버스
