셀 ID,중심점 위도,중심점 경도,2024년 승차인원,2025년 승차인원,승차인원 증감,2024년 노선 목록,2025년 노선 목록,2024년 정류장명,2025년 정류장명,2024년 정류장 ID,2025년 정류장 ID,2024년 노선·정류장 상세,2025년 노선·정류장 상세,최근접 GTX-A역,GTX-A역 위도,GTX-A역 경도,최근접 GTX-A역 직선거리(km),ORS GET 보행거리(m),ORS GET 보행시간(분),ORS GET API 성공,ORS GET API 오류
44,37.65648981807742,126.79001314810708,269.0,164.0,-105.0,1200,1200,마두1동행정복지센터.마두청소년수련관,마두1동행정복지센터.마두청소년수련관,4110851,4110851,1200 : 마두1동행정복지센터.마두청소년수련관 [4110851],1200 : 마두1동행정복지센터.마두청소년수련관 [4110851],대곡,37.631626,126.811024,3.3265604930885417,4304.3,51.65,1,
76,37.79109570326217,126.69786725945112,17.0,35.0,18.0,2200,2200,경모공원앞.헤이리6번게이트,경모공원앞.헤이리6번게이트,4175733,4175733,2200 : 경모공원앞.헤이리6번게이트 [4175733],2200 : 경모공원앞.헤이리6번게이트 [4175733],운정중앙,37.71667,126.72833,8.698332152944893,13392.6,160.71,1,
559,37.69650380282975,126.70455900791502,82.0,90.0,8.0,3100,3100,산남교차로,산남교차로,4111569,4111569,3100 : 산남교차로 [4111569],3100 : 산남교차로 [4111569],운정중앙,37.71667,126.72833,3.0661624040136624,4185.4,50.225,1,
619,37.80297904831105,126.79429277524156,1.0,4.0,3.0,9710,9710,월롱교,월롱교,4105834,4105834,9710 : 월롱교 [4105834],9710 : 월롱교 [4105834],운정중앙,37.71667,126.72833,11.212955368030226,13879.7,166.55499999999998,1,
765,37.65483564366711,126.8977279991296,18.0,25.0,7.0,9709 | 9710,9709 | 9710,삼송역사거리(중),삼송역사거리(중),4126247,4126247,9709 : 삼송역사거리(중) [4126247] | 9710 : 삼송역사거리(중) [4126247],9709 : 삼송역사거리(중) [4126247] | 9710 : 삼송역사거리(중) [4126247],대곡,37.631626,126.811024,8.05850708496468,10701.5,128.41666666666666,1,
1064,37.69916128595655,126.76691946453778,78.0,52.0,-26.0,1200,1200,탄현큰마을.동성아파트,탄현큰마을.동성아파트,4110936,4110936,1200 : 탄현큰마을.동성아파트 [4110936],1200 : 탄현큰마을.동성아파트 [4110936],운정중앙,37.71667,126.72833,3.9133930580829395,5568.6,66.82166666666667,1,
1115,37.71707942586449,126.74972367454812,111.0,56.0,-55.0,3400 | 7101,3400 | 7101,한빛마을1.2단지,한빛마을1.2단지,4102696,4102696,3400 : 한빛마을1.2단지 [4102696] | 7101 : 한빛마을1.2단지 [4102696],3400 : 한빛마을1.2단지 [4102696] | 7101 : 한빛마을1.2단지 [4102696],운정중앙,37.71667,126.72833,1.882341090522223,2723.1,32.67666666666666,1,
1117,37.77342570245335,126.75199331593264,10.0,8.0,-2.0,9709,9709,대방아파트,대방아파트,4104800,4104800,9709 : 대방아파트 [4104800],9709 : 대방아파트 [4104800],운정중앙,37.71667,126.72833,6.645088376538652,10647.4,127.76833333333335,1,
1118,37.71711539087875,126.75539640004187,179.0,138.0,-41.0,3400 | 7101,3400 | 7101,한빛마을5단지,한빛마을5단지,4105129,4105129,3400 : 한빛마을5단지 [4105129] | 7101 : 한빛마을5단지 [4105129],3400 : 한빛마을5단지 [4105129] | 7101 : 한빛마을5단지 [4105129],운정중앙,37.71667,126.72833,2.381278636941938,2512.2,30.145,1,
1235,37.65448482910745,126.83254477091356,6.0,2.0,-4.0,9600,9600,어울림마을7단지,어울림마을7단지,4111416,4111416,9600 : 어울림마을7단지 [4111416],9600 : 어울림마을7단지 [4111416],대곡,37.631626,126.811024,3.1703574301753785,3986.6,47.83833333333334,1,
1278,37.67215844627378,126.7728548669146,132.0,167.0,35.0,M7412,M7412,일산국제컨벤션고교,일산국제컨벤션고교,4111061,4111061,M7412 : 일산국제컨벤션고교 [4111061],M7412 : 일산국제컨벤션고교 [4111061],킨텍스,37.665,126.74806,2.3230101593694217,3006.8,36.08166666666667,1,
1295,37.6696354856855,126.73035845342984,93.0,70.0,-23.0,1000,1000,대화동,대화동,4111002,4111002,1000 : 대화동 [4111002],1000 : 대화동 [4111002],킨텍스,37.665,126.74806,1.6411178860902125,2194.2,26.33,1,
1518,37.59389531344304,126.87839632651432,3.0,2.0,-1.0,1200,1200,덕은동(중),덕은동(중),4111383,4111383,1200 : 덕은동(중) [4111383],1200 : 덕은동(중) [4111383],대곡,37.631626,126.811024,7.2676683258004235,7616.6,91.39833333333333,1,
1538,37.68571227757111,126.77839326308082,91.0,31.0,-60.0,1200,1200,중산마을입구.쌍용아파트.실로암병원,중산마을입구.쌍용아파트.실로암병원,4110837,4110837,1200 : 중산마을입구.쌍용아파트.실로암병원 [4110837],1200 : 중산마을입구.쌍용아파트.실로암병원 [4110837],킨텍스,37.665,126.74806,3.5257786586400806,4554.9,54.656666666666666,1,
1572,37.76856482125503,126.69811070762718,73.0,95.0,22.0,2200,2200,파주프리미엄아울렛후문,파주프리미엄아울렛후문,4104848,4104849,2200 : 파주프리미엄아울렛후문 [4104848],2200 : 파주프리미엄아울렛후문 [4104849],운정중앙,37.71667,126.72833,6.352843918505243,9246.7,110.96000000000001,1,
1712,37.618449430342814,126.83569985424712,43.0,65.0,22.0,1082,1082,무원고교,무원고교,4111332,4111332,1082 : 무원고교 [4111332],1082 : 무원고교 [4111332],대곡,37.631626,126.811024,2.6209597170389576,3076.1,36.91166666666666,1,
1713,37.62746230138047,126.83561964443132,111.0,122.0,11.0,1082,1082,옥빛17단지.롯데마트고양점,옥빛17단지.롯데마트고양점,4111324,4111324,1082 : 옥빛17단지.롯데마트고양점 [4111324],1082 : 옥빛17단지.롯데마트고양점 [4111324],대곡,37.631626,126.811024,2.214912852995537,2327.6,27.93,1,
1757,37.64518965160707,126.78445310105508,411.0,293.0,-118.0,1000 | 1500,1000 | 1500,알미공원.일산동구보건소(중),알미공원.일산동구보건소(중),4196168,4196168,1000 : 알미공원.일산동구보건소(중) [4196168] | 1500 : 알미공원.일산동구보건소(중) [4196168],1000 : 알미공원.일산동구보건소(중) [4196168] | 1500 : 알미공원.일산동구보건소(중) [4196168],대곡,37.631626,126.811024,2.783644616212898,3094.0,37.12833333333333,1,
1962,37.661292250392286,126.84098711870324,4.0,18.0,14.0,9600,9600,성사고등학교,성사고등학교,4177973,4177973,9600 : 성사고등학교 [4177973],9600 : 성사고등학교 [4177973],대곡,37.631626,126.811024,4.223868852318356,5040.8,60.49,1,
2268,37.68125767439162,126.78694196583533,9.0,6.0,-3.0,1900,1900,안곡중고교,안곡중고교,4177599,4177599,1900 : 안곡중고교 [4177599],1900 : 안곡중고교 [4177599],킨텍스,37.665,126.74806,3.870230613758106,4968.7,59.623333333333335,1,
2287,37.67192549378632,126.7360044406111,167.0,86.0,-81.0,1000,1000,송포파출소.송포농협,송포파출소.송포농협,4110906,4110906,1000 : 송포파출소.송포농협 [4110906],1000 : 송포파출소.송포농협 [4110906],킨텍스,37.665,126.74806,1.3110912070883207,1765.6,21.186666666666667,1,
2295,37.700874457190665,126.68466089965716,6.0,22.0,16.0,2200,2200,북센정문,북센정문,4104046,4104046,2200 : 북센정문 [4104046],2200 : 북센정문 [4104046],운정중앙,37.71667,126.72833,4.224035547777719,6819.4,81.83166666666666,1,
2477,37.61843344932719,126.83286719348985,130.0,98.0,-32.0,1082,1082,행신SK뷰아파트,행신SK뷰아파트,4111334,4111334,1082 : 행신SK뷰아파트 [4111334],1082 : 행신SK뷰아파트 [4111334],대곡,37.631626,126.811024,2.419212946364321,3025.7,36.30833333333333,1,
2586,37.7103559585845,126.75546404282132,96.0,83.0,-13.0,1500 | G7426,1500 | G7426,한빛마을4.8단지,한빛마을4.8단지,4104779 | 4104780,4104779 | 4104780,1500 : 한빛마을4.8단지 [4104780] | G7426 : 한빛마을4.8단지 [4104779],1500 : 한빛마을4.8단지 [4104780] | G7426 : 한빛마을4.8단지 [4104779],운정중앙,37.71667,126.72833,2.4879412350496093,3510.8,42.13,1,
2716,37.64321879690409,126.83264558970606,73.0,76.0,3.0,1082 | 1900 | 9600,1082 | 1900 | 9600,명지병원.달빛마을3단지,명지병원.달빛마을3단지,4111313,4111313,1082 : 명지병원.달빛마을3단지 [4111313] | 1900 : 명지병원.달빛마을3단지 [4111313] | 9600 : 명지병원.달빛마을3단지 [4111313],1082 : 명지병원.달빛마을3단지 [4111313] | 1900 : 명지병원.달빛마을3단지 [4111313] | 9600 : 명지병원.달빛마을3단지 [4111313],대곡,37.631626,126.811024,2.2992223147174693,2950.6,35.406666666666666,1,
2718,37.64548800161028,126.83545911754372,99.0,67.0,-32.0,1082 | 1900 | 9600,1082 | 1900 | 9600,화정1동행정복지센터,화정1동행정복지센터,4111310,4111310,1082 : 화정1동행정복지센터 [4111310] | 1900 : 화정1동행정복지센터 [4111310] | 9600 : 화정1동행정복지센터 [4111310],1082 : 화정1동행정복지센터 [4111310] | 1900 : 화정1동행정복지센터 [4111310] | 9600 : 화정1동행정복지센터 [4111310],대곡,37.631626,126.811024,2.6467329399480315,3621.2,43.455000000000005,1,
3056,37.74169854498066,126.72393792106894,16.0,10.0,-6.0,9030,9030,다락골,다락골,4195661,4195661,9030 : 다락골 [4195661],9030 : 다락골 [4195661],운정중앙,37.71667,126.72833,2.809728251061801,3305.8,39.669999999999995,1,
3227,37.68800000767202,126.7840419752074,109.0,95.0,-14.0,1200,1200,삼성아파트.중산마을8단지,삼성아파트.중산마을8단지,4110832,4110832,1200 : 삼성아파트.중산마을8단지 [4110832],1200 : 삼성아파트.중산마을8단지 [4110832],킨텍스,37.665,126.74806,4.070473309402885,5082.7,60.99166666666667,1,
3424,37.62071856372024,126.83851255361056,64.0,36.0,-28.0,1082,1082,샘터마을2단지,샘터마을2단지,4111328,4111328,1082 : 샘터마을2단지 [4111328],1082 : 샘터마을2단지 [4111328],대곡,37.631626,126.811024,2.707682933667498,3206.9,38.48166666666667,1,
3658,37.66352958480167,126.83813282187172,35.0,13.0,-22.0,1082,1082,원릉역,원릉역,4111301,4111301,1082 : 원릉역 [4111301],1082 : 원릉역 [4111301],대곡,37.631626,126.811024,4.275670922559107,5209.9,62.51833333333333,1,
3765,37.72374771297368,126.73547243605177,89.0,27.0,-62.0,M7154,M7154,산내마을9단지,산내마을9단지,4111473,4111473,M7154 : 산내마을9단지 [4111473],M7154 : 산내마을9단지 [4111473],운정중앙,37.71667,126.72833,1.0069964592411054,1630.6,19.566666666666666,1,
3926,37.67232980676579,126.8012016314688,24.0,7.0,-17.0,1900,1900,숲속마을7.8단지 | 숲속마을7.9단지,숲속마을7.8단지 | 숲속마을7.9단지,4196181 | 4196183,4196181 | 4196183,1900 : 숲속마을7.8단지 [4196181] | 1900 : 숲속마을7.9단지 [4196183],1900 : 숲속마을7.8단지 [4196181] | 1900 : 숲속마을7.9단지 [4196183],대곡,37.631626,126.811024,4.607929041959079,6201.5,74.41833333333334,1,
4012,37.85927277907274,126.78807238486382,4.0,16.0,12.0,9710,9710,십자약국,십자약국,4115706,4115706,9710 : 십자약국 [4115706],9710 : 십자약국 [4115706],운정중앙,37.71667,126.72833,16.703210113592018,21598.4,259.17833333333334,1,
4131,37.659007240163135,126.83533862846258,19.0,32.0,13.0,1082,1082,주교동.원릉방앗간,주교동.원릉방앗간,4178198,4178198,1082 : 주교동.원릉방앗간 [4178198],1082 : 주교동.원릉방앗간 [4178198],대곡,37.631626,126.811024,3.7219480081933063,4602.2,55.22666666666667,1,
4205,37.69461958257017,126.761292806892,11.0,9.0,-2.0,1500,1500,철산아파트.탄현역앞.고양시현충공원,철산아파트.탄현역앞.고양시현충공원,4110866,4110866,1500 : 철산아파트.탄현역앞.고양시현충공원 [4110866],1500 : 철산아파트.탄현역앞.고양시현충공원 [4110866],킨텍스,37.665,126.74806,3.493370972703413,3947.5,47.37,1,
4261,37.73742935856722,126.7608676182252,252.0,192.0,-60.0,3400 | G7426 | G7625,3400 | G7426 | G7625,가람마을5단지,가람마을5단지,4105902,4105902,3400 : 가람마을5단지 [4105902] | G7426 : 가람마을5단지 [4105902] | G7625 : 가람마을5단지 [4105902],3400 : 가람마을5단지 [4105902] | G7426 : 가람마을5단지 [4105902] | G7625 : 가람마을5단지 [4105902],운정중앙,37.71667,126.72833,3.676587585451974,4782.4,57.388333333333335,1,
4714,37.78660882679624,126.70075495206088,12.0,7.0,-5.0,2200,2200,경기미래교육캠퍼스,경기미래교육캠퍼스,4195647,4195647,2200 : 경기미래교육캠퍼스 [4195647],2200 : 경기미래교육캠퍼스 [4195647],운정중앙,37.71667,126.72833,8.145980577837854,11827.2,141.925,1,
4934,37.67650470769052,126.74729746640816,1990.0,2262.0,272.0,1000 | 1500 | 9700 | M7731,1000 | 1500 | 9700 | M7731,대화역 | 대화역(중),대화역 | 대화역(중),4106836 | 4127137,4106836 | 4127137,1000 : 대화역(중) [4127137] | 1500 : 대화역(중) [4127137] | 9700 : 대화역(중) [4127137] | M7731 : 대화역 [4106836],1000 : 대화역(중) [4127137] | 1500 : 대화역(중) [4127137] | 9700 : 대화역(중) [4127137] | M7731 : 대화역 [4106836],킨텍스,37.665,126.74806,1.2810261963869227,1681.7,20.18,1,
4985,37.72832702218337,126.7467732387605,411.0,144.0,-267.0,3100 | 9030 | M7111,3100 | 9030 | M7111,두레공원(중),두레공원(중),4104713,4104713,3100 : 두레공원(중) [4104713] | 9030 : 두레공원(중) [4104713] | M7111 : 두레공원(중) [4104713],3100 : 두레공원(중) [4104713] | 9030 : 두레공원(중) [4104713] | M7111 : 두레공원(중) [4104713],운정중앙,37.71667,126.72833,2.076415923680824,2848.9,34.18666666666666,1,
5010,37.85925556212696,126.78523056140187,26.0,13.0,-13.0,9710,9710,북파주농협.구문산터미널,북파주농협.구문산터미널,4115660,4115660,9710 : 북파주농협.구문산터미널 [4115660],9710 : 북파주농협.구문산터미널 [4115660],운정중앙,37.71667,126.72833,16.62458439662027,21523.1,258.2766666666667,1,
5162,37.66321510312149,126.7842801014925,197.0,93.0,-104.0,1200,1200,국립암센터,국립암센터,4110889,4110889,1200 : 국립암센터 [4110889],1200 : 국립암센터 [4110889],킨텍스,37.665,126.74806,3.194364379410646,4415.2,52.98166666666667,1,
5217,37.71698831933848,126.73554190528708,619.0,440.0,-179.0,3400 | 7101,3400 | 7101,산내마을10단지정문,산내마을10단지정문,4125043,4125043,3400 : 산내마을10단지정문 [4125043] | 7101 : 산내마을10단지정문 [4125043],3400 : 산내마을10단지정문 [4125043] | 7101 : 산내마을10단지정문 [4125043],운정중앙,37.71667,126.72833,0.6353472602194861,737.7,8.851666666666667,1,
5631,37.62971551696054,126.83559958639266,51.0,54.0,3.0,1082,1082,화정2동행정복지센터,화정2동행정복지센터,4111322,4111322,1082 : 화정2동행정복지센터 [4111322],1082 : 화정2동행정복지센터 [4111322],대곡,37.631626,126.811024,2.1745859966698036,2518.2,30.21833333333333,1,
5703,37.78655074285418,126.69223801640696,95.0,65.0,-30.0,2200,2200,맛고을.국립민속박물관,맛고을.국립민속박물관,4151657,4151657,2200 : 맛고을.국립민속박물관 [4151657],2200 : 맛고을.국립민속박물관 [4151657],운정중앙,37.71667,126.72833,8.393331793747057,11774.3,141.29166666666666,1,
5754,37.732923081226126,126.76091241732648,239.0,211.0,-28.0,3400 | 7101 | G7426 | G7625,3400 | 7101 | G7426 | G7625,가람마을3.4.6단지,가람마을3.4.6단지,4111454,4111454,3400 : 가람마을3.4.6단지 [4111454] | 7101 : 가람마을3.4.6단지 [4111454] | G7426 : 가람마을3.4.6단지 [4111454] | G7625 : 가람마을3.4.6단지 [4111454],3400 : 가람마을3.4.6단지 [4111454] | 7101 : 가람마을3.4.6단지 [4111454] | G7426 : 가람마을3.4.6단지 [4111454] | G7625 : 가람마을3.4.6단지 [4111454],운정중앙,37.71667,126.72833,3.387939284465088,4890.4,58.68333333333333,1,
5964,37.73039546533123,126.71838181296424,17.0,10.0,-7.0,9030,9030,청석마을9단지,청석마을9단지,4196192,4196192,9030 : 청석마을9단지 [4196192],9030 : 청석마을9단지 [4196192],운정중앙,37.71667,126.72833,1.7592223947979118,3322.8,39.873333333333335,1,
6398,37.64749409649477,126.7929326913726,16.0,35.0,19.0,1200,1200,백석도서관.일산병원,백석도서관.일산병원,4111195,4111195,1200 : 백석도서관.일산병원 [4111195],1200 : 백석도서관.일산병원 [4111195],대곡,37.631626,126.811024,2.3771542089971267,3199.3,38.391666666666666,1,
6421,37.71441269187769,126.6873489904582,110.0,233.0,123.0,2200 | 9030-1,2200 | 9030-1,이채쇼핑몰,이채쇼핑몰,4105161,4105161,2200 : 이채쇼핑몰 [4105161] | 9030-1 : 이채쇼핑몰 [4105161],2200 : 이채쇼핑몰 [4105161] | 9030-1 : 이채쇼핑몰 [4105161],운정중앙,37.71667,126.72833,3.6134880395735482,5253.2,63.03666666666666,1,
6608,37.71766941053226,126.84899776463944,78.0,88.0,10.0,1082 | 9709 | 9710 | 9710-1,1082 | 9709 | 9710 | 9710-1,윗내유동.희망양로원,윗내유동.희망양로원,4115544,4115544,1082 : 윗내유동.희망양로원 [4115544] | 9709 : 윗내유동.희망양로원 [4115544] | 9710 : 윗내유동.희망양로원 [4115544] | 9710-1 : 윗내유동.희망양로원 [4115544],1082 : 윗내유동.희망양로원 [4115544] | 9709 : 윗내유동.희망양로원 [4115544] | 9710 : 윗내유동.희망양로원 [4115544] | 9710-1 : 윗내유동.희망양로원 [4115544],대곡,37.631626,126.811024,10.134522175451199,14507.5,174.0883333333333,1,
6874,37.68120594298741,126.7784369186242,330.0,240.0,-90.0,1200 | M7412,1200 | M7412,산들대림아파트.롯데마트,산들대림아파트.롯데마트,4110839,4110839,1200 : 산들대림아파트.롯데마트 [4110839] | M7412 : 산들대림아파트.롯데마트 [4110839],1200 : 산들대림아파트.롯데마트 [4110839] | M7412 : 산들대림아파트.롯데마트 [4110839],킨텍스,37.665,126.74806,3.2241391011235474,4133.6,49.60333333333333,1,
6952,37.7419356324092,126.76082280913931,9.0,24.0,15.0,G7426 | G7625,G7426 | G7625,별하람마을4.5단지,별하람마을4.5단지,4126250,4126250,G7426 : 별하람마을4.5단지 [4126250] | G7625 : 별하람마을4.5단지 [4126250],G7426 : 별하람마을4.5단지 [4126250] | G7625 : 별하람마을4.5단지 [4126250],운정중앙,37.71667,126.72833,4.007323366224451,5941.7,71.3,1,
7106,37.72888802318087,126.84038854425042,39.0,56.0,17.0,9709 | 9710 | 9710-1,9709 | 9710 | 9710-1,장곡삼거리,장곡삼거리,4115900,4115900,9709 : 장곡삼거리 [4115900] | 9710 : 장곡삼거리 [4115900] | 9710-1 : 장곡삼거리 [4115900],9709 : 장곡삼거리 [4115900] | 9710 : 장곡삼거리 [4115900] | 9710-1 : 장곡삼거리 [4115900],운정중앙,37.71667,126.72833,9.949094524699428,13296.1,159.55166666666668,1,
7368,37.6071190159186,126.82447114569028,3.0,5.0,2.0,1082,1082,맨돌,맨돌,4111229,4111229,1082 : 맨돌 [4111229],1082 : 맨돌 [4111229],대곡,37.631626,126.811024,2.97130564284927,4267.8,51.21333333333334,1,
7369,37.64772521240146,126.8326052689275,39.0,22.0,-17.0,1082 | 1900 | 9600,1082 | 1900 | 9600,고양어울림누리.달빛마을1단지,고양어울림누리.달빛마을1단지,4111308,4111308,1082 : 고양어울림누리.달빛마을1단지 [4111308] | 1900 : 고양어울림누리.달빛마을1단지 [4111308] | 9600 : 고양어울림누리.달빛마을1단지 [4111308],1082 : 고양어울림누리.달빛마을1단지 [4111308] | 1900 : 고양어울림누리.달빛마을1단지 [4111308] | 9600 : 고양어울림누리.달빛마을1단지 [4111308],대곡,37.631626,126.811024,2.6106829401488882,3495.0,41.940000000000005,1,
7433,37.69910808921614,126.75841241031004,18.0,13.0,-5.0,1500,1500,일산가구공단,일산가구공단,4177484,4177484,1500 : 일산가구공단 [4177484],1500 : 일산가구공단 [4177484],운정중앙,37.71667,126.72833,3.2888773148241555,4984.8,59.81666666666667,1,
7480,37.728363138232446,126.752446818273,93.0,129.0,36.0,3100 | 9030,3100 | 9030,해솔마을4단지,해솔마을4단지,4111469,4111469,3100 : 해솔마을4단지 [4111469] | 9030 : 해솔마을4단지 [4111469],3100 : 해솔마을4단지 [4111469] | 9030 : 해솔마을4단지 [4111469],운정중앙,37.71667,126.72833,2.4879464540479685,3062.3,36.74666666666667,1,
7608,37.7154318498318,126.85185383875896,11.0,17.0,6.0,1082 | 9709 | 9710,1082 | 9709 | 9710,내유초등학교,내유초등학교,4115542,4115542,1082 : 내유초등학교 [4115542] | 9709 : 내유초등학교 [4115542] | 9710 : 내유초등학교 [4115542],1082 : 내유초등학교 [4115542] | 9709 : 내유초등학교 [4115542] | 9710 : 내유초등학교 [4115542],대곡,37.631626,126.811024,9.987653519544063,14037.6,168.45,1,
7697,37.72376607518176,126.73830904247204,231.0,98.0,-133.0,3100 | 9030 | G7625,3100 | 9030 | G7625,산내마을11단지,산내마을11단지,4195595,4195595,3100 : 산내마을11단지 [4195595] | 9030 : 산내마을11단지 [4195595] | G7625 : 산내마을11단지 [4195595],3100 : 산내마을11단지 [4195595] | 9030 : 산내마을11단지 [4195595] | G7625 : 산내마을11단지 [4195595],운정중앙,37.71667,126.72833,1.1802487761363334,1549.5,18.59333333333333,1,
7883,37.703614389920574,126.75836751438324,8.0,13.0,5.0,1500,1500,앵골.광성교회,앵골.광성교회,4177486,4177486,1500 : 앵골.광성교회 [4177486],1500 : 앵골.광성교회 [4177486],운정중앙,37.71667,126.72833,3.01487490863728,4409.1,52.90833333333333,1,
8546,37.62965115894855,126.82426724695416,9.0,14.0,5.0,9600,9600,토당고가.별빛마을9단지,토당고가.별빛마을9단지,4111343,4111343,9600 : 토당고가.별빛마을9단지 [4111343],9600 : 토당고가.별빛마을9단지 [4111343],대곡,37.631626,126.811024,1.1867260869954563,1652.1,19.825,1,
8590,37.64522389049471,126.79012039871184,56.0,54.0,-2.0,1200,1200,백석역.고양종합터미널,백석역.고양종합터미널,4110912,4110912,1200 : 백석역.고양종합터미널 [4110912],1200 : 백석역.고양종합터미널 [4110912],대곡,37.631626,126.811024,2.382039948789078,3011.0,36.13166666666667,1,
8635,37.77765392110642,126.70936792367092,4.0,11.0,7.0,2200,2200,시그네틱스,시그네틱스,4104929,4104929,2200 : 시그네틱스 [4104929],2200 : 시그네틱스 [4104929],운정중앙,37.71667,126.72833,6.983059311784966,9924.6,119.095,1,
8689,37.75783051497436,126.78053138356148,9.0,21.0,12.0,9709,9709,교육지원청,교육지원청,4111498,4111498,9709 : 교육지원청 [4111498],9709 : 교육지원청 [4111498],운정중앙,37.71667,126.72833,6.4822133169428815,9271.1,111.25333333333333,1,
8805,37.620638312200526,126.82434883370372,4.0,3.0,-1.0,9600,9600,능곡중학교,능곡중학교,4111214,4111214,9600 : 능곡중학교 [4111214],9600 : 능곡중학교 [4111214],대곡,37.631626,126.811024,1.694052305856789,2577.3,30.928333333333335,1,
8846,37.692489091829486,126.78116320362965,116.0,98.0,-18.0,1200,1200,중산6단지.중산초교.중산중학교,중산6단지.중산초교.중산중학교,4110830,4110830,1200 : 중산6단지.중산초교.중산중학교 [4110830],1200 : 중산6단지.중산초교.중산중학교 [4110830],킨텍스,37.665,126.74806,4.222582649901281,5160.9,61.93,1,
8868,37.667455774210254,126.74171956333082,1036.0,424.0,-612.0,M7731,M7731,킨텍스,킨텍스,4177532,4177532,M7731 : 킨텍스 [4177532],M7731 : 킨텍스 [4177532],킨텍스,37.665,126.74806,0.6213115053848892,660.3,7.923333333333333,1,
8938,37.7712970293859,126.7718850634807,5.0,12.0,7.0,9709,9709,독점말.대방노블랜드2차아파트,독점말.대방노블랜드2차아파트,4104904,4104904,9709 : 독점말.대방노블랜드2차아파트 [4104904],9709 : 독점말.대방노블랜드2차아파트 [4104904],운정중앙,37.71667,126.72833,7.180755460864723,9066.5,108.79666666666667,1,
9284,37.6567540359176,126.83535871556916,1.0,2.0,1.0,9600,9600,원당연세병원,원당연세병원,4177969,4177969,9600 : 원당연세병원 [4177969],9600 : 원당연세병원 [4177969],대곡,37.631626,126.811024,3.521041733508945,4392.0,52.70333333333333,1,
9285,37.65902317635135,126.83817283149251,3.0,3.0,0.0,9600,9600,세창짜임아파트,세창짜임아파트,4177971,4177971,9600 : 세창짜임아파트 [4177971],9600 : 세창짜임아파트 [4177971],대곡,37.631626,126.811024,3.8722562990352642,4743.3,56.919999999999995,1,
9342,37.68108285141793,126.75859189401278,236.0,343.0,107.0,M7731,M7731,성저마을14단지,성저마을14단지,4177637,4177637,M7731 : 성저마을14단지 [4177637],M7731 : 성저마을14단지 [4177637],킨텍스,37.665,126.74806,2.0142855093091954,2167.1,26.005,1,
9400,37.71480820215605,126.74691012333562,77.0,29.0,-48.0,M7111,M7111,한빛마을1단지,한빛마을1단지,4104995,4104995,M7111 : 한빛마을1단지 [4104995],M7111 : 한빛마을1단지 [4104995],운정중앙,37.71667,126.72833,1.647394879988952,2191.2,26.293333333333333,1,
9815,37.68101101427948,126.74725193470243,29.0,32.0,3.0,1500,1500,농수산물센터,농수산물센터,4110873,4110873,1500 : 농수산물센터 [4110873],1500 : 농수산물센터 [4110873],킨텍스,37.665,126.74806,1.7817659607442167,2326.5,27.916666666666668,1,
9860,37.710320002282025,126.74979183254334,130.0,94.0,-36.0,1500 | G7426,1500 | G7426,한빛마을3.6단지,한빛마을3.6단지,4104781 | 4104782,4104781 | 4104782,1500 : 한빛마을3.6단지 [4104782] | G7426 : 한빛마을3.6단지 [4104781],1500 : 한빛마을3.6단지 [4104782] | G7426 : 한빛마을3.6단지 [4104781],운정중앙,37.71667,126.72833,2.0155943955825575,2677.5,32.12833333333334,1,
9893,37.84577127541418,126.79104368265092,3.0,9.0,6.0,9710,9710,봉서2리.붉은밭,봉서2리.붉은밭,4104829,4104829,9710 : 봉서2리.붉은밭 [4104829],9710 : 봉서2리.붉은밭 [4104829],운정중앙,37.71667,126.72833,15.37709250351618,20029.8,240.355,1,
10047,37.69690812999624,126.76694165133976,56.0,27.0,-29.0,1200,1200,탄현마을5.6단지,탄현마을5.6단지,4110818,4110818,1200 : 탄현마을5.6단지 [4110818],1200 : 탄현마을5.6단지 [4110818],킨텍스,37.665,126.74806,3.9178482700095976,4438.2,53.25666666666667,1,
10091,37.72158570387802,126.74967822322633,106.0,92.0,-14.0,M7111,M7111,해솔마을6.7단지,해솔마을6.7단지,4105064,4105064,M7111 : 해솔마을6.7단지 [4105064],M7111 : 해솔마을6.7단지 [4105064],운정중앙,37.71667,126.72833,1.9556748859107729,2362.1,28.345000000000002,1,
10101,37.753271958370114,126.77206174520995,19.0,5.0,-14.0,7101,7101,후곡마을4단지,후곡마을4단지,4105808,4105808,7101 : 후곡마을4단지 [4105808],7101 : 후곡마을4단지 [4105808],운정중앙,37.71667,126.72833,5.599468039435879,9093.9,109.12666666666668,1,
10111,37.85474935382665,126.78527407425784,5.0,6.0,1.0,9710,9710,한진1차.문산역,한진1차.문산역,4115662,4115662,9710 : 한진1차.문산역 [4115662],9710 : 한진1차.문산역 [4115662],운정중앙,37.71667,126.72833,16.148652356492995,20902.7,250.83166666666665,1,
10121,37.744464746989024,126.80619913914222,76.0,88.0,12.0,9709 | 9710 | 9710-1,9709 | 9710 | 9710-1,봉일천시장,봉일천시장,4111554,4111554,9709 : 봉일천시장 [4111554] | 9710 : 봉일천시장 [4111554] | 9710-1 : 봉일천시장 [4111554],9709 : 봉일천시장 [4111554] | 9710 : 봉일천시장 [4111554] | 9710-1 : 봉일천시장 [4111554],운정중앙,37.71667,126.72833,7.513235473009827,10054.8,120.65666666666667,1,
10274,37.66983483112512,126.7615385576808,1102.0,806.0,-296.0,1000 | 1100 | 1500 | 9700,1000 | 1100 | 1500 | 9700,주엽역(중),주엽역(중),4106852,4106852,1000 : 주엽역(중) [4106852] | 1100 : 주엽역(중) [4106852] | 1500 : 주엽역(중) [4106852] | 9700 : 주엽역(중) [4106852],1000 : 주엽역(중) [4106852] | 1100 : 주엽역(중) [4106852] | 1500 : 주엽역(중) [4106852] | 9700 : 주엽역(중) [4106852],킨텍스,37.665,126.74806,1.3024937307412097,1682.6,20.19,1,
10336,37.74191780464687,126.75798549480824,63.0,69.0,6.0,G7426 | G7625,G7426 | G7625,별하람마을1단지,별하람마을1단지,4126747,4126747,G7426 : 별하람마을1단지 [4126747] | G7625 : 별하람마을1단지 [4126747],G7426 : 별하람마을1단지 [4126747] | G7625 : 별하람마을1단지 [4126747],운정중앙,37.71667,126.72833,3.8319276851584476,5543.0,66.515,1,
10471,37.60037553053271,126.82736424157493,16.0,17.0,1.0,1082,1082,행주산성입구.행주내동,행주산성입구.행주내동,4111230,4111230,1082 : 행주산성입구.행주내동 [4111230],1082 : 행주산성입구.행주내동 [4111230],대곡,37.631626,126.811024,3.761162594043314,6030.8,72.36833333333334,1,
10528,37.725889227061415,126.71842917499696,146.0,77.0,-69.0,9030 | 9030-1 | M7154,9030 | 9030-1 | M7154,숲속길마을7단지,숲속길마을7단지,4195589,4195589,9030 : 숲속길마을7단지 [4195589] | 9030-1 : 숲속길마을7단지 [4195589] | M7154 : 숲속길마을7단지 [4195589],9030 : 숲속길마을7단지 [4195589] | 9030-1 : 숲속길마을7단지 [4195589] | M7154 : 숲속길마을7단지 [4195589],운정중앙,37.71667,126.72833,1.3450781173059683,2690.7,32.288333333333334,1,
10574,37.79620261526006,126.79151767288732,22.0,4.0,-18.0,9710,9710,월롱역,월롱역,4175984,4175984,9710 : 월롱역 [4175984],9710 : 월롱역 [4175984],운정중앙,37.71667,126.72833,10.443572108811857,13012.1,156.14333333333335,1,
10682,37.616259449439134,126.84705022451178,25.0,17.0,-8.0,9700,9700,서정마을입구,서정마을입구,4178031,4178031,9700 : 서정마을입구 [4178031],9700 : 서정마을입구 [4178031],대곡,37.631626,126.811024,3.6036830541470306,3781.6,45.37833333333333,1,
10778,37.71030192181316,126.74695573119584,1123.0,982.0,-141.0,3100 | 9030 | G7426 | G7625 | M7111 | M7154,3100 | 9030 | G7426 | G7625 | M7111 | M7154,새암공원,새암공원,4104784,4104784,3100 : 새암공원 [4104784] | 9030 : 새암공원 [4104784] | G7426 : 새암공원 [4104784] | G7625 : 새암공원 [4104784] | M7111 : 새암공원 [4104784] | M7154 : 새암공원 [4104784],3100 : 새암공원 [4104784] | 9030 : 새암공원 [4104784] | G7426 : 새암공원 [4104784] | G7625 : 새암공원 [4104784] | M7111 : 새암공원 [4104784] | M7154 : 새암공원 [4104784],운정중앙,37.71667,126.72833,1.7848663793405697,2614.3,31.371666666666666,1,
10804,37.75335874204886,126.78625055358988,3.0,2.0,-1.0,9709,9709,파주스타디움,파주스타디움,4115843,4115843,9709 : 파주스타디움 [4115843],9709 : 파주스타디움 [4115843],운정중앙,37.71667,126.72833,6.525829291587255,10066.7,120.8,1,
10925,37.6162906610378,126.85271539941547,63.0,107.0,44.0,1000 | 1200 | 1900,1000 | 1200 | 1900,서정마을(중),서정마을(중),4178115,4178115,1000 : 서정마을(중) [4178115] | 1200 : 서정마을(중) [4178115] | 1900 : 서정마을(중) [4178115],1000 : 서정마을(중) [4178115] | 1200 : 서정마을(중) [4178115] | 1900 : 서정마을(중) [4178115],대곡,37.631626,126.811024,4.048418215381816,4216.5,50.59666666666667,1,
10997,37.78888113955798,126.70356975408004,18.0,9.0,-9.0,2200,2200,민들레병원,민들레병원,4105158,4105158,2200 : 민들레병원 [4105158],2200 : 민들레병원 [4105158],운정중앙,37.71667,126.72833,8.31937252063351,12309.9,147.71833333333333,1,
11178,37.67485869018787,126.84937199209084,3.0,3.0,0.0,1082,1082,왕릉골,왕릉골,4111295,4111295,1082 : 왕릉골 [4111295],1082 : 왕릉골 [4111295],대곡,37.631626,126.811024,5.874272375635816,7678.9,92.14666666666668,1,
11239,37.67205236022765,126.75584692514391,593.0,352.0,-241.0,1000 | 1500 | 9700,1000 | 1500 | 9700,문촌마을(중),문촌마을(중),4106851,4106851,1000 : 문촌마을(중) [4106851] | 1500 : 문촌마을(중) [4106851] | 9700 : 문촌마을(중) [4106851],1000 : 문촌마을(중) [4106851] | 1500 : 문촌마을(중) [4106851] | 9700 : 문촌마을(중) [4106851],킨텍스,37.665,126.74806,1.0414912497650441,1361.5,16.33833333333333,1,
11251,37.707653365856544,126.68742280735928,241.0,178.0,-63.0,2200 | 9030-1,2200 | 9030-1,은석교사거리,은석교사거리,4105162,4105162,2200 : 은석교사거리 [4105162] | 9030-1 : 은석교사거리 [4105162],2200 : 은석교사거리 [4105162] | 9030-1 : 은석교사거리 [4105162],운정중앙,37.71667,126.72833,3.7354950088899517,6016.6,72.19833333333332,1,
11481,37.65198344966401,126.79005605551755,106.0,92.0,-14.0,1200,1200,백송마을1.2단지,백송마을1.2단지,4111194,4111194,1200 : 백송마을1.2단지 [4111194],1200 : 백송마을1.2단지 [4111194],대곡,37.631626,126.811024,2.9210608034741288,3794.8,45.53666666666666,1,
11506,37.69238415567052,126.76415058768389,71.0,80.0,9.0,M7731,M7731,경남아너스빌.탄현역,경남아너스빌.탄현역,4107446,4107446,M7731 : 경남아너스빌.탄현역 [4107446],M7731 : 경남아너스빌.탄현역 [4107446],킨텍스,37.665,126.74806,3.3581464836643247,3790.6,45.486666666666665,1,
11521,37.78882325613204,126.6950525517449,43.0,64.0,21.0,2200,2200,헤이리1번게이트,헤이리1번게이트,4105154,4105154,2200 : 헤이리1번게이트 [4105154],2200 : 헤이리1번게이트 [4105154],운정중앙,37.71667,126.72833,8.539875525657457,13248.6,158.98333333333332,1,
11524,37.71674345984174,126.6986696100067,53.0,35.0,-18.0,2200,2200,출판단지삼거리,출판단지삼거리,4104776,4104776,2200 : 출판단지삼거리 [4104776],2200 : 출판단지삼거리 [4104776],운정중앙,37.71667,126.72833,2.608950553935663,3149.9,37.79833333333333,1,
11550,37.73276022556416,126.73537977427596,711.0,201.0,-510.0,3100 | 9030 | 9030-1 | M7111,3100 | 9030 | 9030-1 | M7111,산내마을6.8단지,산내마을6.8단지,4111456 | 4111457,4111456 | 4111457,3100 : 산내마을6.8단지 [4111456] | 9030 : 산내마을6.8단지 [4111456] | 9030-1 : 산내마을6.8단지 [4111457] | M7111 : 산내마을6.8단지 [4111456],3100 : 산내마을6.8단지 [4111456] | 9030 : 산내마을6.8단지 [4111456] | 9030-1 : 산내마을6.8단지 [4111457] | M7111 : 산내마을6.8단지 [4111456],운정중앙,37.71667,126.72833,1.8935451511438346,2528.7,30.34333333333333,1,
11696,37.63193668611023,126.8299131808454,110.0,107.0,-3.0,1082 | 1900 | 9600,1082 | 1900 | 9600,별빛마을8단지.롯데마트,별빛마을8단지.롯데마트,4111210,4111210,1082 : 별빛마을8단지.롯데마트 [4111210] | 1900 : 별빛마을8단지.롯데마트 [4111210] | 9600 : 별빛마을8단지.롯데마트 [4111210],1082 : 별빛마을8단지.롯데마트 [4111210] | 1900 : 별빛마을8단지.롯데마트 [4111210] | 9600 : 별빛마을8단지.롯데마트 [4111210],대곡,37.631626,126.811024,1.6637600675114321,2049.6,24.595000000000002,1,
11811,37.7238207523413,126.74681887712032,247.0,218.0,-29.0,3100 | 9030 | G7625,3100 | 9030 | G7625,해솔마을2.5단지,해솔마을2.5단지,4104804,4104804,3100 : 해솔마을2.5단지 [4104804] | 9030 : 해솔마을2.5단지 [4104804] | G7625 : 해솔마을2.5단지 [4104804],3100 : 해솔마을2.5단지 [4104804] | 9030 : 해솔마을2.5단지 [4104804] | G7625 : 해솔마을2.5단지 [4104804],운정중앙,37.71667,126.72833,1.8101902090968693,2537.9,30.455,1,
12018,37.69465497316165,126.76696383567,41.0,37.0,-4.0,1200,1200,탄현2단지.삼익아파트,탄현2단지.삼익아파트,4110822,4110822,1200 : 탄현2단지.삼익아파트 [4110822],1200 : 탄현2단지.삼익아파트 [4110822],킨텍스,37.665,126.74806,3.6933773318278442,4162.1,49.945,1,
12253,37.674429058684254,126.77566762997373,172.0,131.0,-41.0,1200,1200,밤가시마을,밤가시마을,4110891,4110891,1200 : 밤가시마을 [4110891],1200 : 밤가시마을 [4110891],킨텍스,37.665,126.74806,2.6464635516986066,3450.2,41.401666666666664,1,
12334,37.75323676667226,126.76638623901005,12.0,14.0,2.0,7101,7101,금화초교.3단지,금화초교.3단지,4104922,4104922,7101 : 금화초교.3단지 [4104922],7101 : 금화초교.3단지 [4104922],운정중앙,37.71667,126.72833,5.266170154562076,8805.3,105.66333333333334,1,
12461,37.61848118839965,126.84136518245136,595.0,666.0,71.0,1000 | 1082 | 1200 | 9700,1000 | 1082 | 1200 | 9700,가라뫼.한전앞 | 행신동(중),가라뫼.한전앞 | 행신동(중),4111330 | 4196171,4111330 | 4196171,1000 : 행신동(중) [4196171] | 1082 : 가라뫼.한전앞 [4111330] | 1200 : 행신동(중) [4196171] | 9700 : 행신동(중) [4196171],1000 : 행신동(중) [4196171] | 1082 : 가라뫼.한전앞 [4111330] | 1200 : 행신동(중) [4196171] | 9700 : 행신동(중) [4196171],대곡,37.631626,126.811024,3.045751930897871,3360.2,40.32166666666667,1,
12464,37.61851267448948,126.84703051951186,277.0,395.0,118.0,1000 | 1200,1000 | 1200,소만마을(중),소만마을(중),4111372,4111372,1000 : 소만마을(중) [4111372] | 1200 : 소만마을(중) [4111372],1000 : 소만마을(중) [4111372] | 1200 : 소만마을(중) [4111372],대곡,37.631626,126.811024,3.490240370680996,3692.7,44.31166666666666,1,
12556,37.73272328448807,126.72970588175149,65.0,85.0,20.0,3100 | 9030,3100 | 9030,해오름중심상가.산내마을1.2단지,해오름중심상가.산내마을1.2단지,4105844,4105844,3100 : 해오름중심상가.산내마을1.2단지 [4105844] | 9030 : 해오름중심상가.산내마을1.2단지 [4105844],3100 : 해오름중심상가.산내마을1.2단지 [4105844] | 9030 : 해오름중심상가.산내마을1.2단지 [4105844],운정중앙,37.71667,126.72833,1.789143244560841,2381.3,28.575,1,
12725,37.62969952948547,126.8327664981576,56.0,65.0,9.0,1082,1082,근린공원,근린공원,4111319,4111319,1082 : 근린공원 [4111319],1082 : 근린공원 [4111319],대곡,37.631626,126.811024,1.9266420820783687,2219.6,26.634999999999998,1,
12765,37.66298576693129,126.74743400067258,882.0,945.0,63.0,6701 | M7731,6701 | M7731,킨텍스역.더샵그라비스타.힐스테이트일산,킨텍스역.더샵그라비스타.힐스테이트일산,4177448,4177448,6701 : 킨텍스역.더샵그라비스타.힐스테이트일산 [4177448] | M7731 : 킨텍스역.더샵그라비스타.힐스테이트일산 [4177448],6701 : 킨텍스역.더샵그라비스타.힐스테이트일산 [4177448] | M7731 : 킨텍스역.더샵그라비스타.힐스테이트일산 [4177448],킨텍스,37.665,126.74806,0.2306514211040669,296.1,3.5533333333333332,1,
12816,37.77085640909052,126.70376313427468,31.0,42.0,11.0,2200,2200,효자그린빌.이주단지,효자그린빌.이주단지,4104939,4105040,2200 : 효자그린빌.이주단지 [4104939],2200 : 효자그린빌.이주단지 [4105040],운정중앙,37.71667,126.72833,6.400773556087064,9015.9,108.19,1,
12856,37.712626980834216,126.75827769251188,125.0,76.0,-49.0,G7426,G7426,야당역.한빛마을5.9단지,야당역.한빛마을5.9단지,4104992,4104992,G7426 : 야당역.한빛마을5.9단지 [4104992],G7426 : 야당역.한빛마을5.9단지 [4104992],운정중앙,37.71667,126.72833,2.67236790082959,3278.8,39.345,1,
12984,37.62739794856962,126.82428764704964,25.0,10.0,-15.0,9600,9600,능곡병원,능곡병원,4111213,4111213,9600 : 능곡병원 [4111213],9600 : 능곡병원 [4111213],대곡,37.631626,126.811024,1.2591119636703467,1914.8,22.976666666666667,1,
12985,37.618401283322335,126.8272018787127,10.0,5.0,-5.0,1082,1082,토당초등학교.우창프라자,토당초등학교.우창프라자,4111338,4111338,1082 : 토당초등학교.우창프라자 [4111338],1082 : 토당초등학교.우창프라자 [4111338],대곡,37.631626,126.811024,2.047537879785731,2970.1,35.64,1,
13084,37.71475354265406,126.7384013193933,320.0,235.0,-85.0,3100 | 9030 | G7625 | M7154,3100 | 9030 | G7625 | M7154,한울마을2단지,한울마을2단지,4104705,4104705,3100 : 한울마을2단지 [4104705] | 9030 : 한울마을2단지 [4104705] | G7625 : 한울마을2단지 [4104705] | M7154 : 한울마을2단지 [4104705],3100 : 한울마을2단지 [4104705] | 9030 : 한울마을2단지 [4104705] | G7625 : 한울마을2단지 [4104705] | M7154 : 한울마을2단지 [4104705],운정중앙,37.71667,126.72833,0.9111587771144259,1282.5,15.389999999999999,1,
13238,37.636443107731495,126.82987271144182,101.0,77.0,-24.0,1082 | 1900 | 9600,1082 | 1900 | 9600,화정역.덕양구청,화정역.덕양구청,4111317,4111317,1082 : 화정역.덕양구청 [4111317] | 1900 : 화정역.덕양구청 [4111317] | 9600 : 화정역.덕양구청 [4111317],1082 : 화정역.덕양구청 [4111317] | 1900 : 화정역.덕양구청 [4111317] | 9600 : 화정역.덕양구청 [4111317],대곡,37.631626,126.811024,1.7440764086038394,2248.1,26.976666666666667,1,
13276,37.68796544355217,126.77837143166116,298.0,233.0,-65.0,1200 | M7412,1200 | M7412,중산마을10단지.동신아파트,중산마을10단지.동신아파트,4110835,4110835,1200 : 중산마을10단지.동신아파트 [4110835] | M7412 : 중산마을10단지.동신아파트 [4110835],1200 : 중산마을10단지.동신아파트 [4110835] | M7412 : 중산마을10단지.동신아파트 [4110835],킨텍스,37.665,126.74806,3.692892950795058,4608.2,55.29666666666667,1,
13315,37.723522043516695,126.70143336302569,495.0,298.0,-197.0,2200 | 9030-1,2200 | 9030-1,문발동.아랫말,문발동.아랫말,4104959,4104959,2200 : 문발동.아랫말 [4104959] | 9030-1 : 문발동.아랫말 [4104959],2200 : 문발동.아랫말 [4104959] | 9030-1 : 문발동.아랫말 [4104959],운정중앙,37.71667,126.72833,2.4853944217285604,3675.3,44.10333333333333,1,
13318,37.7753433802019,126.70087625217128,134.0,63.0,-71.0,2200,2200,유승앙브와즈2단지,유승앙브와즈2단지,4104935,4175759,2200 : 유승앙브와즈2단지 [4104935],2200 : 유승앙브와즈2단지 [4175759],운정중앙,37.71667,126.72833,6.956429589820917,10116.3,121.395,1,
13487,37.72439749981077,126.84326520665992,99.0,94.0,-5.0,1082 | 9709 | 9710,1082 | 9709 | 9710,내유동,내유동,4115546,4115546,1082 : 내유동 [4115546] | 9709 : 내유동 [4115546] | 9710 : 내유동 [4115546],1082 : 내유동 [4115546] | 9709 : 내유동 [4115546] | 9710 : 내유동 [4115546],운정중앙,37.71667,126.72833,10.145667971913282,13638.2,163.65666666666667,1,
13602,37.719278101678526,126.74119162326171,135.0,34.0,-101.0,3400 | 7101,3400 | 7101,운정라피아노,운정라피아노,4124545,4124545,3400 : 운정라피아노 [4124545] | 7101 : 운정라피아노 [4124545],3400 : 운정라피아노 [4124545] | 7101 : 운정라피아노 [4124545],운정중앙,37.71667,126.72833,1.1678738106866628,1485.7,17.828333333333333,1,
13631,37.77133197036757,126.7775619567614,33.0,23.0,-10.0,7101 | 9709,7101 | 9709,팜스프링아파트,팜스프링아파트,4104905,4104905,7101 : 팜스프링아파트 [4104905] | 9709 : 팜스프링아파트 [4104905],7101 : 팜스프링아파트 [4104905] | 9709 : 팜스프링아파트 [4104905],운정중앙,37.71667,126.72833,7.462095329294747,9452.6,113.43,1,
13793,37.66761702295993,126.76722985494418,892.0,737.0,-155.0,1000 | 1100 | 1500 | 9700,1000 | 1100 | 1500 | 9700,강선마을(중),강선마을(중),4110807,4110807,1000 : 강선마을(중) [4110807] | 1100 : 강선마을(중) [4110807] | 1500 : 강선마을(중) [4110807] | 9700 : 강선마을(중) [4110807],1000 : 강선마을(중) [4110807] | 1100 : 강선마을(중) [4110807] | 1500 : 강선마을(중) [4110807] | 9700 : 강선마을(중) [4110807],킨텍스,37.665,126.74806,1.7122424993066394,2230.6,26.766666666666666,1,
13997,37.622955867605086,126.83565975380644,89.0,57.0,-32.0,1082,1082,행신초등학교.더자인병원,행신초등학교.더자인병원,4111326,4111326,1082 : 행신초등학교.더자인병원 [4111326],1082 : 행신초등학교.더자인병원 [4111326],대곡,37.631626,126.811024,2.3741372490047916,2525.9,30.31,1,
14004,37.69291545612664,126.85488552101629,1.0,7.0,6.0,1082,1082,벽제교삼거리,벽제교삼거리,4111453,4111453,1082 : 벽제교삼거리 [4111453],1082 : 벽제교삼거리 [4111453],대곡,37.631626,126.811024,7.8327514681969665,9977.5,119.73,1,
14062,37.68784232215079,126.75852460636987,21.0,53.0,32.0,1500 | M7731,1500 | M7731,서울도시가스,서울도시가스,4110868,4110868,1500 : 서울도시가스 [4110868] | M7731 : 서울도시가스 [4110868],1500 : 서울도시가스 [4110868] | M7731 : 서울도시가스 [4110868],킨텍스,37.665,126.74806,2.7017683548088125,3176.5,38.11833333333333,1,
14103,37.72151294336283,126.73833211555802,289.0,204.0,-85.0,3100 | 9030 | G7625 | M7154,3100 | 9030 | G7625 | M7154,운정고등학교,운정고등학교,4104737,4104737,3100 : 운정고등학교 [4104737] | 9030 : 운정고등학교 [4104737] | G7625 : 운정고등학교 [4104737] | M7154 : 운정고등학교 [4104737],3100 : 운정고등학교 [4104737] | 9030 : 운정고등학교 [4104737] | G7625 : 운정고등학교 [4104737] | M7154 : 운정고등학교 [4104737],운정중앙,37.71667,126.72833,1.0314912461996895,1611.1,19.333333333333332,1,
14148,37.751207474899495,126.80329833088544,4.0,5.0,1.0,9710,9710,등원2리,등원2리,4115890,4115890,9710 : 등원2리 [4115890],9710 : 등원2리 [4115890],운정중앙,37.71667,126.72833,7.629705654276527,9772.4,117.26833333333335,1,
14284,37.68140918889111,126.81245723619068,12.0,1.0,-11.0,9600,9600,위시티3.4단지,위시티3.4단지,4177488,4177488,9600 : 위시티3.4단지 [4177488],9600 : 위시티3.4단지 [4177488],대곡,37.631626,126.811024,5.537083353637605,7261.4,87.13666666666667,1,
14394,37.735567315843625,126.82614298581376,21.0,18.0,-3.0,9709 | 9710 | 9710-1,9709 | 9710 | 9710-1,송촌토파즈아파트,송촌토파즈아파트,4105155,4105155,9709 : 송촌토파즈아파트 [4105155] | 9710 : 송촌토파즈아파트 [4105155] | 9710-1 : 송촌토파즈아파트 [4105155],9709 : 송촌토파즈아파트 [4105155] | 9710 : 송촌토파즈아파트 [4105155] | 9710-1 : 송촌토파즈아파트 [4105155],운정중앙,37.71667,126.72833,8.855484749242798,11494.4,137.93166666666667,1,
14783,37.67428759919729,126.75298968878072,79.0,62.0,-17.0,1500 | 9700,1500 | 9700,백병원(중),백병원(중),4106840,4106840,1500 : 백병원(중) [4106840] | 9700 : 백병원(중) [4106840],1500 : 백병원(중) [4106840] | 9700 : 백병원(중) [4106840],킨텍스,37.665,126.74806,1.120180728548914,1381.1,16.573333333333334,1,
14787,37.69241940706636,126.76982144984493,28.0,35.0,7.0,1200,1200,현산초교,현산초교,4110824,4110824,1200 : 현산초교 [4110824],1200 : 현산초교 [4110824],킨텍스,37.665,126.74806,3.6004883823023213,4208.3,50.498333333333335,1,
14839,37.72385686255858,126.75249211294634,87.0,71.0,-16.0,G7625,G7625,운정행복센터.운정합동주민센터,운정행복센터.운정합동주민센터,4104788,4104788,G7625 : 운정행복센터.운정합동주민센터 [4104788],G7625 : 운정행복센터.운정합동주민센터 [4104788],운정중앙,37.71667,126.72833,2.270490910257434,2758.8,33.105,1,
15419,37.61841740032031,126.8300345349752,70.0,46.0,-24.0,1082,1082,행신동삼거리,행신동삼거리,4111336,4111336,1082 : 행신동삼거리 [4111336],1082 : 행신동삼거리 [4111336],대곡,37.631626,126.811024,2.227162282949363,3163.3,37.958333333333336,1,
15474,37.69914362189476,126.76408377731045,69.0,105.0,36.0,M7731,M7731,탄현큰마을.쌍용아파트,탄현큰마을.쌍용아파트,4110935,4110935,M7731 : 탄현큰마을.쌍용아파트 [4110935],M7731 : 탄현큰마을.쌍용아파트 [4110935],운정중앙,37.71667,126.72833,3.700113356366817,5348.3,64.17833333333333,1,
