H3 셀,2024 노선,2025 노선,노선변경 유형,2024 정류장 수,2025 정류장 수,정류장구성 변경 여부,정류장 구성 판정 근거,노선구성 변경 여부
8830e0a2e3fffff,6701,6701,완전 동일,1,2,1,실제 정류장 추가·제외 또는 위치 변경,0
8830e0a407fffff,9600,9600,완전 동일,1,1,0,정류장명 동일 또는 ID 변경,0
8830e0a419fffff,"1082, 9600","1082, 9600",완전 동일,2,2,0,정류장명 동일 또는 ID 변경,0
8830e0a41dfffff,"1082, 1900, 9600","1082, 1900, 9600",완전 동일,3,3,0,정류장명 동일 또는 ID 변경,0
8830e0a423fffff,"1082, 9600","1082, 9600",완전 동일,2,2,0,정류장명 동일 또는 ID 변경,0
8830e0a42bfffff,9600,9600,완전 동일,1,1,0,정류장명 동일 또는 ID 변경,0
8830e0a431fffff,1082,1082,완전 동일,2,2,0,정류장명 동일 또는 ID 변경,0
8830e0a437fffff,"1000, 1082, 1200, 9700","1000, 1082, 1200, 9700",완전 동일,3,3,0,정류장명 동일 또는 ID 변경,0
8830e0a439fffff,"1082, 1900, 9600","1082, 1900, 9600",완전 동일,3,3,0,정류장명 동일 또는 ID 변경,0
8830e0a44dfffff,1200,1200,완전 동일,1,1,0,정류장명 동일 또는 ID 변경,0
8830e0a49bfffff,"9709, 9710","9709, 9710",완전 동일,1,1,0,정류장명 동일 또는 ID 변경,0
8830e0a513fffff,1082,1082,완전 동일,1,1,0,정류장명 동일 또는 ID 변경,0
8830e0a51bfffff,1082,1082,완전 동일,1,1,0,정류장명 동일 또는 ID 변경,0
8830e0a597fffff,1200,1200,완전 동일,1,1,0,정류장명 동일 또는 ID 변경,0
8830e0a5d1fffff,"1000, 1200, 1900","1000, 1200, 1900",완전 동일,1,1,0,정류장명 동일 또는 ID 변경,0
8830e0a5ddfffff,"1000, 1200, 9700","1000, 1200, 9700",완전 동일,2,2,0,정류장명 동일 또는 ID 변경,0
8830e0a601fffff,1900,1900,완전 동일,1,1,0,정류장명 동일 또는 ID 변경,0
8830e0a609fffff,"1200, M7412","1200, M7412",완전 동일,3,3,0,정류장명 동일 또는 ID 변경,0
8830e0a60dfffff,"1200, M7412","1200, M7412",완전 동일,1,1,0,정류장명 동일 또는 ID 변경,0
8830e0a621fffff,1200,1200,완전 동일,1,1,0,정류장명 동일 또는 ID 변경,0
8830e0a627fffff,1200,1200,완전 동일,1,1,0,정류장명 동일 또는 ID 변경,0
8830e0a631fffff,1900,1900,완전 동일,2,2,0,정류장명 동일 또는 ID 변경,0
8830e0a641fffff,1200,1200,완전 동일,4,3,1,실제 정류장 추가·제외 또는 위치 변경,0
8830e0a643fffff,"1200, M7412","1200, M7412",완전 동일,3,1,1,실제 정류장 추가·제외 또는 위치 변경,0
8830e0a647fffff,1200,1200,완전 동일,1,1,0,정류장명 동일 또는 ID 변경,0
8830e0a649fffff,"1200, M7731","1200, M7731",완전 동일,2,2,0,정류장명 동일 또는 ID 변경,0
8830e0a64dfffff,"1500, M7731","1500, M7731",완전 동일,2,2,0,정류장명 동일 또는 ID 변경,0
8830e0a663fffff,"1200, M7412","1200, M7412",완전 동일,2,2,0,정류장명 동일 또는 ID 변경,0
8830e0a665fffff,"1000, 1100, 1500, 9700","1000, 1100, 1500, 9700",완전 동일,2,2,0,정류장명 동일 또는 ID 변경,0
8830e0a66dfffff,"1000, 1500, 9700","1000, 1500, 9700",완전 동일,1,1,0,정류장명 동일 또는 ID 변경,0
8830e0a69dfffff,1082,1082,완전 동일,1,1,0,정류장명 동일 또는 ID 변경,0
8830e0a6a1fffff,1082,1082,완전 동일,1,1,0,정류장명 동일 또는 ID 변경,0
8830e0a6a5fffff,"1082, 9600","1082, 9600",완전 동일,5,5,1,실제 정류장 추가·제외 또는 위치 변경,0
8830e0a6a7fffff,9600,9600,완전 동일,1,1,0,정류장명 동일 또는 ID 변경,0
8830e0a6bdfffff,1082,1082,완전 동일,1,1,0,정류장명 동일 또는 ID 변경,0
8830e0a6edfffff,9600,9600,완전 동일,2,1,1,실제 정류장 추가·제외 또는 위치 변경,0
8830e0b401fffff,"2200, 9030-1","2200, 9030-1",완전 동일,1,1,0,정류장명 동일 또는 ID 변경,0
8830e0b405fffff,"2200, 9030-1","2200, 9030-1",완전 동일,3,2,1,실제 정류장 추가·제외 또는 위치 변경,0
8830e0b411fffff,"9030, M7154","9030, M7154",완전 동일,3,2,0,정류장명 동일 또는 ID 변경,0
8830e0b427fffff,3100,3100,완전 동일,1,1,0,정류장명 동일 또는 ID 변경,0
8830e0b42dfffff,2200,2200,완전 동일,2,1,1,실제 정류장 추가·제외 또는 위치 변경,0
8830e0b463fffff,"2200, 9030-1","2200, 9030-1",완전 동일,2,1,1,실제 정류장 추가·제외 또는 위치 변경,0
8830e0b467fffff,"2200, 9030-1","2200, 9030-1",완전 동일,2,2,0,정류장명 동일 또는 ID 변경,0
8830e0b481fffff,"3100, 9030, M7111","3100, 9030, M7111",완전 동일,2,2,0,정류장명 동일 또는 ID 변경,0
8830e0b485fffff,"3400, 7101, G7625, M7111","3400, 7101, G7625, M7111",완전 동일,3,3,0,정류장명 동일 또는 ID 변경,0
8830e0b489fffff,"3100, 9030, M7111","3100, 9030, M7111",완전 동일,1,1,0,정류장명 동일 또는 ID 변경,0
8830e0b48dfffff,"3100, 9030, G7625","3100, 9030, G7625",완전 동일,1,1,0,정류장명 동일 또는 ID 변경,0
8830e0b4a9fffff,"1500, 3100, 9030, G7426, G7625, M7111, M7154","1500, 3100, 9030, G7426, G7625, M7111, M7154",완전 동일,5,4,1,실제 정류장 추가·제외 또는 위치 변경,0
8830e0b4abfffff,"1500, 3400, 7101, G7426","1500, 3400, 7101, G7426",완전 동일,4,4,0,정류장명 동일 또는 ID 변경,0
8830e0b4c5fffff,"3100, 9030, 9030-1, M7111","3100, 9030, 9030-1, M7111",완전 동일,4,3,0,정류장명 동일 또는 ID 변경,0
8830e0b4d7fffff,"3400, G7426, G7625","3400, G7426, G7625",완전 동일,3,3,0,정류장명 동일 또는 ID 변경,0
8830e0b4e1fffff,"3100, 3400, 7101, 9030, G7625, M7154","3100, 3400, 7101, 9030, G7625, M7154",완전 동일,3,3,0,정류장명 동일 또는 ID 변경,0
8830e0b4e3fffff,"3400, 7101","3400, 7101",완전 동일,1,2,1,실제 정류장 추가·제외 또는 위치 변경,0
8830e0b4e7fffff,"3100, 9030, G7625, M7154","3100, 9030, G7625, M7154",완전 동일,1,1,0,정류장명 동일 또는 ID 변경,0
8830e0b4ebfffff,"3100, 9030, G7625, M7154","3100, 9030, G7625, M7154",완전 동일,2,2,0,정류장명 동일 또는 ID 변경,0
8830e0b587fffff,1000,1000,완전 동일,2,2,0,정류장명 동일 또는 ID 변경,0
8830e0b593fffff,"1500, M7731","1500, M7731",완전 동일,1,1,0,정류장명 동일 또는 ID 변경,0
8830e0b595fffff,"1500, M7731","1500, M7731",완전 동일,2,2,0,정류장명 동일 또는 ID 변경,0
8830e0b597fffff,M7731,M7731,완전 동일,1,1,0,정류장명 동일 또는 ID 변경,0
8830e0b5b5fffff,"6701, M7731","6701, M7731",완전 동일,1,1,0,정류장명 동일 또는 ID 변경,0
8830e0b5b9fffff,"1000, 1500, 9700","1000, 1500, 9700",완전 동일,1,1,0,정류장명 동일 또는 ID 변경,0
8830e0b5bbfffff,"1500, 9700","1500, 9700",완전 동일,1,1,0,정류장명 동일 또는 ID 변경,0
8830e0b5bdfffff,M7731,M7731,완전 동일,1,1,0,정류장명 동일 또는 ID 변경,0
8830e0b6a7fffff,9030,9030,완전 동일,1,1,0,정류장명 동일 또는 ID 변경,0
8830e0b6c5fffff,2200,2200,완전 동일,1,2,1,실제 정류장 추가·제외 또는 위치 변경,0
8830e0b6c7fffff,2200,2200,완전 동일,1,1,0,정류장명 동일 또는 ID 변경,0
8830e0b6c9fffff,2200,2200,완전 동일,3,2,1,실제 정류장 추가·제외 또는 위치 변경,0
8830e0b6cbfffff,2200,2200,완전 동일,1,1,0,정류장명 동일 또는 ID 변경,0
8830e0b6e9fffff,2200,2200,완전 동일,2,1,1,실제 정류장 추가·제외 또는 위치 변경,0
8830e0b6ebfffff,2200,2200,완전 동일,2,1,1,실제 정류장 추가·제외 또는 위치 변경,0
8830e56911fffff,"9709, 9710, 9710-1","9709, 9710, 9710-1",완전 동일,1,1,0,정류장명 동일 또는 ID 변경,0
8830e5691dfffff,9710,9710,완전 동일,1,1,1,실제 정류장 추가·제외 또는 위치 변경,0
8830e56955fffff,"9709, 9710, 9710-1","9709, 9710, 9710-1",완전 동일,3,3,0,정류장명 동일 또는 ID 변경,0
8830e5695dfffff,9710,9710,완전 동일,1,1,0,정류장명 동일 또는 ID 변경,0
8830e569e1fffff,"1082, 9709, 9710","1082, 9709, 9710",완전 동일,3,2,1,실제 정류장 추가·제외 또는 위치 변경,0
8830e569e7fffff,"1082, 9709, 9710, 9710-1","1082, 9709, 9710, 9710-1",완전 동일,2,2,0,정류장명 동일 또는 ID 변경,0
8830e569e9fffff,"9709, 9710, 9710-1","9709, 9710, 9710-1",완전 동일,1,1,0,정류장명 동일 또는 ID 변경,0
8830e56a21fffff,9710,9710,완전 동일,1,1,0,정류장명 동일 또는 ID 변경,0
8830e56a25fffff,9710,9710,완전 동일,1,1,0,정류장명 동일 또는 ID 변경,0
8830e56b01fffff,"7101, 9709","7101, 9709",완전 동일,1,1,0,정류장명 동일 또는 ID 변경,0
8830e56b0dfffff,9709,9709,완전 동일,1,1,0,정류장명 동일 또는 ID 변경,0
8830e56b21fffff,7101,7101,완전 동일,1,1,0,정류장명 동일 또는 ID 변경,0
8830e56b2dfffff,7101,7101,완전 동일,1,1,0,정류장명 동일 또는 ID 변경,0
8830e56b69fffff,9709,9709,완전 동일,1,1,0,정류장명 동일 또는 ID 변경,0
8830e578b3fffff,9710,9710,완전 동일,1,1,0,정류장명 동일 또는 ID 변경,0
8830e578b7fffff,9710,9710,완전 동일,1,1,0,정류장명 동일 또는 ID 변경,0
8830e578bbfffff,9710,9710,완전 동일,2,3,1,실제 정류장 추가·제외 또는 위치 변경,0
8830e57927fffff,2200,2200,완전 동일,2,2,0,정류장명 동일 또는 ID 변경,0
8830e0a415fffff,"1082, 9600","1082, 1900, 9600",노선 추가,1,1,0,정류장명 동일 또는 ID 변경,1
8830e0a691fffff,9709,"9709, 9710, 9710-1",노선 추가,2,1,1,실제 정류장 추가·제외 또는 위치 변경,1
8830e0a697fffff,"9709, 9710","9709, 9710, 9710-1",노선 추가,3,3,0,정류장명 동일 또는 ID 변경,1
8830e0a713fffff,"1000, 1200, 1500, 9700","1000, 1100, 1200, 1500, 9700",노선 추가,3,3,0,정류장명 동일 또는 ID 변경,1
8830e0a75bfffff,"1500, M7412","1100, 1500, M7412",노선 추가,1,1,0,정류장명 동일 또는 ID 변경,1
8830e0b483fffff,"3400, 7101, G7426, G7625","1500, 3400, 7101, G7426, G7625",노선 추가,1,1,0,정류장명 동일 또는 ID 변경,1
8830e0b4a7fffff,"1500, M7731","1200, 1500, M7731",노선 추가,3,3,0,정류장명 동일 또는 ID 변경,1
8830e0b5abfffff,1000,"1000, 1100",노선 추가,1,2,1,실제 정류장 추가·제외 또는 위치 변경,1
8830e1d325fffff,"9709, 9710","9709, 9710, 9710-1",노선 추가,1,2,1,실제 정류장 추가·제외 또는 위치 변경,1
8830e1d32dfffff,"9709, 9710","9709, 9710, 9710-1",노선 추가,1,1,0,정류장명 동일 또는 ID 변경,1
8830e569a5fffff,"1082, 9709, 9710","1082, 9709, 9710, 9710-1",노선 추가,1,1,0,정류장명 동일 또는 ID 변경,1
8830e569adfffff,"1082, 9709, 9710","1082, 9709, 9710, 9710-1",노선 추가,3,3,0,정류장명 동일 또는 ID 변경,1
8830e56b05fffff,9709,"7101, 9709",노선 추가,1,1,0,정류장명 동일 또는 ID 변경,1
8830e0a435fffff,"1000, 1082, 1100, 1200, 1900, 9700","1000, 1082, 1200, 9700",노선 제외,5,5,0,정류장명 동일 또는 ID 변경,1
8830e0a43dfffff,"1000, 1100, 1200, 1900, 9600, 9700","1000, 1200, 1900, 9700",노선 제외,2,1,1,실제 정류장 추가·제외 또는 위치 변경,1
8830e0a711fffff,"1000, 1500, 9700, M7412","1000, 1500, M7412",노선 제외,2,2,0,정류장명 동일 또는 ID 변경,1
8830e0a753fffff,"1000, 1500, 9700, M7412","1000, 1500, M7412",노선 제외,1,1,0,정류장명 동일 또는 ID 변경,1
8830e0b415fffff,"1500, 9030, 9030-1, M7154","9030, 9030-1, M7154",노선 제외,2,2,0,정류장명 동일 또는 ID 변경,1
8830e0b41dfffff,"3100, 9030",3100,노선 제외,1,1,0,정류장명 동일 또는 ID 변경,1
8830e0b48bfffff,"1500, 3400, 7101, G7426, G7625","3400, 7101, G7426, G7625",노선 제외,2,1,1,실제 정류장 추가·제외 또는 위치 변경,1
8830e0b4c7fffff,"3100, 9030",3100,노선 제외,1,1,0,정류장명 동일 또는 ID 변경,1
8830e0b695fffff,"2200, 9709",9709,노선 제외,2,1,0,정류장명 동일 또는 ID 변경,1
8830e56b23fffff,"7101, 9709",9709,노선 제외,3,3,0,정류장명 동일 또는 ID 변경,1
8830e0a463fffff,9700,1200,노선 교체,1,1,0,정류장명 동일 또는 ID 변경,1
8830e0a719fffff,"1000, 1500, 9700, M7412","1000, 1100, 1500, M7412",노선 교체,1,2,1,실제 정류장 추가·제외 또는 위치 변경,1
8830e0a289fffff,-,6701,2025 신규 셀,0,1,1,2025 신규 정류장,1
8830e0a453fffff,-,9600,2025 신규 셀,0,1,1,2025 신규 정류장,1
8830e0b4d5fffff,-,G7625,2025 신규 셀,0,1,1,2025 신규 정류장,1
8830e0b5c7fffff,-,1100,2025 신규 셀,0,1,1,2025 신규 정류장,1
8830e0b681fffff,-,2200,2025 신규 셀,0,1,1,2025 신규 정류장,1
8830e0b6c1fffff,-,2200,2025 신규 셀,0,1,1,2025 신규 정류장,1
8830e1d369fffff,-,"9709, 9710",2025 신규 셀,0,1,1,2025 신규 정류장,1
8830e5694bfffff,-,9709,2025 신규 셀,0,1,1,2025 신규 정류장,1
8830e56b39fffff,-,9710,2025 신규 셀,0,1,1,2025 신규 정류장,1
8830e0a591fffff,1900,-,2025 소멸 셀,1,0,1,2025 소멸 정류장,1
8830e0a633fffff,9600,-,2025 소멸 셀,1,0,1,2025 소멸 정류장,1
8830e0a635fffff,1900,-,2025 소멸 셀,1,0,1,2025 소멸 정류장,1
8830e0a63dfffff,1900,-,2025 소멸 셀,1,0,1,2025 소멸 정류장,1
8830e0a683fffff,1082,-,2025 소멸 셀,1,0,1,2025 소멸 정류장,1
8830e0a699fffff,1082,-,2025 소멸 셀,1,0,1,2025 소멸 정류장,1
8830e0b413fffff,9030,-,2025 소멸 셀,1,0,1,2025 소멸 정류장,1
8830e0b41bfffff,9030,-,2025 소멸 셀,1,0,1,2025 소멸 정류장,1
8830e0b4c9fffff,9030,-,2025 소멸 셀,1,0,1,2025 소멸 정류장,1
8830e0b553fffff,2200,-,2025 소멸 셀,1,0,1,2025 소멸 정류장,1
8830e0b5b1fffff,1100,-,2025 소멸 셀,1,0,1,2025 소멸 정류장,1
8830e0b5b3fffff,1100,-,2025 소멸 셀,1,0,1,2025 소멸 정류장,1
8830e0b5b7fffff,1100,-,2025 소멸 셀,1,0,1,2025 소멸 정류장,1
8830e0b5c3fffff,1100,-,2025 소멸 셀,1,0,1,2025 소멸 정류장,1
8830e0b613fffff,2200,-,2025 소멸 셀,2,0,1,2025 소멸 정류장,1
8830e0b689fffff,2200,-,2025 소멸 셀,1,0,1,2025 소멸 정류장,1
8830e0b697fffff,"2200, 9709",-,2025 소멸 셀,2,0,1,2025 소멸 정류장,1
8830e1d363fffff,9710,-,2025 소멸 셀,2,0,1,2025 소멸 정류장,1
8830e56959fffff,9710,-,2025 소멸 셀,1,0,1,2025 소멸 정류장,1
8830e56a5dfffff,9710,-,2025 소멸 셀,1,0,1,2025 소멸 정류장,1
8830e56b15fffff,9710,-,2025 소멸 셀,1,0,1,2025 소멸 정류장,1
8830e56b2bfffff,"7101, 9709",-,2025 소멸 셀,3,0,1,2025 소멸 정류장,1
8830e56b31fffff,9710,-,2025 소멸 셀,2,0,1,2025 소멸 정류장,1
8830e56b3bfffff,9710,-,2025 소멸 셀,1,0,1,2025 소멸 정류장,1
